"<ID|readonly|noverify>";"<English>";"<French>";"<Italian>";"<German>";"<Spanish>";"<Russian>";"<Polish>";"<Czech>";"<Turkish>";"<Chinese>";"<Japanese>";"<Portuguese>";"<Ukrainian>";"<Serbian>";"<Hungarian>";"<Korean>";"<Belarusian>";"<Romanian>";"<TChinese>";"<HChinese>";"<Vietnamese>";"<Comments>";"<max_chars>"
"debriefing/hdr";"Mission Summary";"Résumé de la mission";"Sommario missione";"Missionszusammenfassung";"Resumen de la Misión";"Итоги Миссии";"Podsumowanie misji";"Souhrn mise";"Görev Özeti";"任\t务\t总\t结";"任務概要";"Resumo da missão";"Підсумки Місії";"Rezime misije";"Csatajelentés";"임무 요약";"Зводка па місіі";"Rezumat misiune";"任\t務\t總\t結";"任\t务\t总\t结";"Tóm tắt nhiệm vụ";;
"debriefing/damaged";"Damaged";"Endommagé";"Danni";"Beschädigt";"Dañado";"Повреждено";"Uszkodzone";"Poškozeno";"Hasarlı";"击\t伤\t数\t量";"破損";"Danificado";"Пошкоджено";"Oštećeno";"Sérült";"손상됨";"Пашкодзіў";"Avariat";"擊\t傷\t數\t量";"击\t伤\t数\t量";"Đã hư hại";;
"debriefing/attempts";"Attempts";"Tentatives";"Tentativi";"Versuche";"Intentos";"Попыток";"Próby";"Pokusy";"Denemeler";"重\t试\t次\t数";"出撃できる\t回数";"Tentativas";"Спроб";"Pokušaja";"Próbálkozások";"시도 횟수";"Спроб";"Încercări";"重\t試\t次\t數";"重\t试\t次\t数";"Lượt thử";;
"debriefing/primaryGoals";"Primary goals";"Buts primaires";"Obiettivi primari";"Primärziele";"Logros principales";"Основные цели";"Cele główne";"Hlavní úkoly";"Birincil hedefler";"主\t要\t目\t标";"主要目標";"Principais objetivos";"Основні цілі";"Glavni cilj";"Elsődleges feladatok";"1순위 목표";"Асноўныя задачы";"Obiective primare";"主\t要\t目\t標";"主\t要\t目\t标";"MỤC TIÊU CHÍNH";;
"debriefing/secondaryGoals";"Secondary goals";"Buts secondaires";"Obiettivi secondari";"Sekundärziele";"Logros secundarios";"Второстепенные цели";"Cele poboczne";"Vedlejší úkoly";"İkincil hedefler";"次\t要\t目\t标";"二次目標";"Objetivos secundários";"Другорядні цілі";"Sporedan cilj";"Másodlagos feladatok";"2순위 목표";"Дадатковыя задачы";"Obiective secundare";"次\t要\t目\t標";"次\t要\t目\t标";"Mục tiêu phụ";;
"debriefing/awardsGained";"Awards won";"Prix remportés";"Premi vinti";"Auszeichnungen";"Premios ganados";"Получено наград";"Zdobyte nagrody";"Získané odměny";"Kazanılan ödüller";"获\t得\t嘉\t奖";"獲得した\tアワード";"Prêmios conquistados";"Отримано нагород";"Nagrada osvojeno";"Kitüntetések";"받은 보상";"Заслужаныя ўзнагароды";"Premii câștigate";"獲\t得\t獎\t勵";"获\t得\t嘉\t奖";"Phần thưởng";;
"debriefing/sessionTime";"Time";"Temps";"Tempo";"Zeit";"Tiempo";"Время";"Czas";"Čas";"Zaman";"总\t共\t耗\t时";"時間帯";"Tempo";"Час";"Vreme";"Idő";"시간";"Час";"Timp sesiune";"時\t間";"总\t共\t耗\t时";"Thời gian";;
"debriefing/missionDuration";"Mission Duration";"Durée de la mission";"Durata Missione";"Missionsdauer";"Duración de la Misión";"Продолжительность миссии";"Czas trwania misji";"Délka mise";"Görev Süresi";"任\t务\t时\t长";"ミッションの\t継続時間";"Duração da Missão";"Тривалість місії";"Mission Duration";"Küldetés hossza";"임무 시간";"Працягласць місіі";"Mission Duration";"任\t務\t時\t長";"任\t务\t时\t长";"Thời gian Nhiệm vụ";;
"debriefing/timePlayed";"Time Played";"Temps Joué";"Tempo Giocato";"Spielzeit";"Tiempo Jugado";"Время игры";"Czas gry";"Odehraný čas";"Oynanan Süre";"游\t戏\t时\t长";"プレイ\t時間";"Tempo em jogo";"Час гри";"Time Played";"Játékidő";"플레이 시간";"Час гульні";"Time Played";"遊\t戲\t時\t長";"游\t戏\t时\t长";"Thời gian chơi";;
"debriefing/timeMin";"min";"min";"min";"Min.";"min";"мин";"min";"min";"dakika";"分";"分";"min";"хв";"min";"perc";"분";"хв";"min";"分";"分";"phút";;
"debriefing/timeSec";"sec";"sec";"sec";"Sek.";"seg";"сек";"sec";"sek";"sn";"秒";"秒";"seg";"сек";"sec";"mp";"초";"с";"sec";"秒";"秒";"giây";;
"debriefing/total";"Total";"Total";"Totale";"Gesamt";"Total";"Итого";"Suma";"Celkem";"Toplam";"总\t计";"合計";"Total";"Всього";"Ukupno";"Összesen";"합계";"Агулам";"Total";"總\t計";"总\t计";"Tổng";;
"debriefing/total/modsResearch";"Modifications research";"Recherche de modifications";"Ricerca modifiche";"Modifikationsforschung";"Investigación de modificaciones";"Исследование модификаций";"Badanie modyfikacji";"Výzkum modifikací";"Modifikasyon araştırması";"研\t发\t改\t装\t件";"改造の\t研究";"Pesquisa de modificações";"Дослідження модифікацій";"Istraživanje modifikacija";"Modifikációfejlesztés";"부품 연구";"Даследаванне мадыфікацый";"Cercetare echipamente";"研\t發\t改\t裝\t部\t件";"研\t发\t改\t装\t件";"Điểm nghiên cứu khí tài";;
"debriefing/total/unitsResearch";"Vehicle research";"Recherche de véhicule";"Ricerca unità";"Fahrzeugforschung";"Investigación de vehículos";"Исследование техники";"Badanie maszyny";"Výzkum strojů";"Araştırılan Araç";"研\t发\t载\t具";"機体の\t研究";"Pesquisa de veículo";"Дослідження техніки";"Istraživanje vozila";"Járműfejlesztés";"장비 연구";"Даследаванне тэхнікі";"Vehicule cercetate";"研\t發\t載\t具";"研\t发\t载\t具";"Điểm nghiên cứu phương tiện";;
"debriefing/total/ecSpawnScore";"Reserve of respawn points";"Réserve de points de réapparition";"Riserva dei punti rigenerazione";"Einstiegspunkt-Reserve";"Reserva de puntos de reaparición";"Запас очков возрождения";"Rezerwa punktów odrodzenia";"Zásoba bodů nasazení";"Yeniden doğma puanı rezervi";"累\t积\t重\t生\t点\t数";"リスポーンポイントの\t確保";"Reserva de pontos de respawn";"Запас очок відродження";"Rezerva poena za ponovni ulazak u bitku";"Tartalékolt belépési pontok";"남은 부활 점수";"Запас ачкоў адраджэння";"Rezervă puncte de intrare";"累\t積\t重\t生\t點\t數";"累\t积\t重\t生\t点\t数";"Dự trữ điểm hồi sinh";;
"debriefing/total/wwSpawnScore";"Reserve of respawn points";"Points de respawn en réserve";"Riserva dei punti rigenerazione";"Einstiegspunkt-Reserve";"Reserva de puntos de reaparición";"Запас очков возрождения";"Rezerwa punktów odrodzenia";"Zásoba bodů nasazení";"Yeniden doğma puanı stoğu";"累\t积\t重\t生\t点\t数";"リスポーンポイントの\t確保";"Reserva de pontos de respawn";"Запас очок відродження";"Reserve of respawn points";"Tartalékolt belépési pontok";"남은 부활 점수";"Запас ачкоў адраджэння";"Rezervă puncte de intrare";"累\t積\t重\t生\t點\t數";"累\t积\t重\t生\t点\t数";"Dự trữ điểm hồi sinh";;
"debriefing/activeBoosters";"Reward was increased using the following boosters";"Récompense augmentée par les boosters suivants";"La ricompensa è stata aumentata utilizzando i seguenti acceleratori";"Die Belohnung wurde durch die folgenden Booster erhöht";"La recompensa fue aumentada por las siguientes incrementaciones";"На награду действовали следующие усилители";"Nagroda została zwiększona przez następujące bonusy";"Odměna byla zvýšena o následující boostery";"Ödül, bu güçlendiriciler ile arttırıldı:";"以\t下\t增\t益\t道\t具\t对\t收\t益\t提\t供\t了\t加\t成：";"ブースターによって\t報酬が\t増加しました。";"A recompensa foi aumentada pelo seguinte";"На нагороду впливали наступні підсилювачі";"Nagrada je uvećana sledećim busterima";"A jutalom megnövelve az alábbi fokozó(k) által:";"다음 부스터에 의해 보상이 증가했습니다.";"На ўзнагароду дзейнічалі наступныя паскаральнікі";"Recompensa a fost majorată de următoarele multiplicatoare";"以\t下\t增\t益\t道\t具\t對\t收\t益\t提\t供\t了\t加\t成：";"以\t下\t增\t益\t道\t具\t对\t收\t益\t提\t供\t了\t加\t成：";"Phần thưởng đã được tăng lên bằng cách sử dụng các bộ tăng cường sau đây";;
"debriefing/totalscore";"Total Score";"Score total";"Punteggio totale";"Gesamtpunkte";"Puntaje Total";"Общий счет";"Wynik całkowity";"Celkové skóre";"Toplam Puan";"战\t斗\t得\t分";"合計\tスコア";"Pontuação total";"Спільний рахунок";"Ukupan skor";"Összpontszám";"총 점수";"Агульны вынік";"Scor total";"戰\t鬥\t得\t分";"战\t斗\t得\t分";"Tổng điểm";;
"debriefing/tournamentBaseReward";"Win in a tournament";"Gagner un tournoi";"Vinci in un torneo";"Sieg in einem Turnier";"Victoria en el torneo";"Победа в турнире";"Wygraj w turnieju";"Vítězství v turnaji";"Bir turnuva kazan";"竞\t技\t场\t比\t赛\t获\t胜";"トーナメントで\t勝つ";"Vitória na copa/torneio";"Перемога в турнірі";"Pobedi na turniru";"Győzelem a bajnokságon";"토너먼트 승리";"Перамога ў турніры";"Câștigă într-un turneu";"獲\t得\t錦\t標\t賽\t勝\t利";"竞\t技\t场\t比\t赛\t获\t胜";"Chiến thắng 1 giải đấu";;
"debriefing/firstWinInDay";"First victory of the day";"Première victoire de la journée";"Prima vittoria del giorno";"Erster Sieg des Tages";"Primera victoria del día";"Первая победа за день";"Pierwsze zwycięstwo dnia";"První vítězství dne";"Günün ilk zaferi";"每\t日\t首\t胜";"本日最初の\t勝利";"Primeira vitória do dia";"Перша перемога за день";"First victory of the day";"A nap első győzelme";"오늘의 첫 승리";"Штодзённая першая перамога";"Prima victorie a zilei";"本\t日\t的\t第\t一\t次\t勝\t利";"每\t日\t首\t胜";"Chiến thắng đầu ngày";;
"debriefing/ok";"OK";"OK";"OK";"OK";"Aceptar";"OK";"OK";"OK";"Tamam";"确\t定";"確認";"OK
";"ОК";"OK";"OK";"확인";"Добра";"OK";"確\t定";"确\t定";"Đồng ý";;
"debriefing/destroyed";"Destroyed";"Détruit";"Distrutti";"Zerstört";"Destruido";"Уничтожено";"Zniszczone";"Zničeno";"Yok edilen";"歼\t敌\t数\t量";"撃破";"Destruído";"Знищено";"Uništeno";"Megsemmisített";"파괴";"Знішчыў";"Distrus";"殲\t敵\t數\t量";"歼\t敌\t数\t量";"Đã phá hủy";;
"debriefing/lost";"Lost";"Perdu";"Persi";"Verloren";"Pérdidas";"Потеряно";"Stracone";"Ztraceno";"Kayıp";"被\t击\t落\t数";"喪失";"Perdeu";"Втрачено";"Izgubljeno";"Elvesztett";"패배";"Страціў";"Pierdut";"被\t擊\t落\t數";"被\t击\t落\t数";"Bị mất";;
"debriefing/landings";"Landings";"Atterrissages";"Atterraggi";"Landungen";"Aterrizajes";"Посадки";"Lądowania";"Přistání";"İnişler";"着\t陆\t次\t数";"着陸成功";"Aterragens/Pousos";"Посадки";"Sletanja";"Leszállások";"착륙 횟수";"Пасадкі";"Aterizări";"著\t陸\t次\t數";"着\t陆\t次\t数";"Hạ cánh";;
"debriefing/success";"Success";"Succès";"Successo";"Erfolg";"Éxito";"Миссия выполнена";"Sukces";"Úspěch";"Başarı";"成\t功";"成功";"Sucesso";"Місія виконана";"Uspeh";"Siker";"성공";"Місія выканана";"Succes";"成\t功";"成\t功";"Thành công";;
"debriefing/fail";"Failure";"Échec";"Fallimento";"Misserfolg";"Fracaso";"Миссия провалена";"Porażka";"Selhání";"Başarısızlık";"失\t败";"失敗";"Falha";"Місія провалена";"Neuspeh";"Kudarc";"실패";"Місія скончылася няўдала";"Eșec";"失\t敗";"失\t败";"Thất bại";;
"debriefing/tragic";"This time you failed to carry out the orders. Try again.";"Vous avez échoué à suivre les instructions. Réessayez.";"Questa volta non hai portato a termine gli ordini. Riprova.";"Dieses Mal hast du deine Befehle nicht ausgeführt. Probiere es erneut.";"Esta vez no lograste cumplir las órdenes. Vuelve a intentarlo.";"В этот раз вам не удалось выполнить приказы командования.";"Tym razem nie udało ci się wykonać rozkazów. Spróbuj jeszcze raz.";"Tentokrát se ti rozkazy splnit nepodařilo, zkus to znovu";"Bu sefer emirleri yerine getirmeyi başaramadın, tekrar dene.";"任\t务\t失\t败。\t请\t再\t试\t一\t次。";"作戦は\t失敗に\t終わった。\t再度挑戦せよ。";"Desta vez você falhou em cumprir as ordens. Tentar novamente.";"Цього разу вам не вдалося виконати накази командування.";"Ovog puta niste uspeli da izvršite naređenja. Pokušajte opet.";"Ez alkalommal nem sikerült végrehajtanod a parancsokat. Próbáld újra.";"명령을 수행하지 못했습니다, 다시 시도하십시오.";"Гэтым разам вам не ўдалося выканаць загады камандавання.";"De data aceasta nu ai reușit să execuți ordinele. Încearcă din nou.";"任\t務\t失\t敗。\t請\t再\t試\t一\t次。";"任\t务\t失\t败。\t请\t再\t试\t一\t次。";"Hiện tại bạn không thể thực hiện đặt hàng. Hãy thử lại.";;
"debriefing/win_bonus";"Bonus for winning: +60%▉, +60%€";"Bonus pour la victoire: + 60 %▉, + 60 % €";"Bonus per la vittoria: +60%▉, +60%€";"Siegesprämie: +60%▉, +60%€";"Bonificación por ganar: +60%▉, +60%€";"Бонус за победу: +60%▉, +60%€";"Bonus za wygraną: +60 %▉, +60% €";"Bonus za vítězství: +60 % ▉, +60 % €";"Kazanma bonusu: +60%▉, +60%€";"获\t胜\t加\t成：\t+60%\t▉、\t+60%\t€";"勝利\tボーナス: +60%▉, +60%€";"Bônus pela vitória: +60%▉, +60%€";"Нагорода за перемогу: +60%▉, +60%€";"Bonus za pobedu: +60%▉, +60%€";"Jutalom a győzelemért: +60%▉, +60%€";"승리 보너스: +60%▉, +60%€";"Прэмія за перамогу: +60%▉, +60%€";"Bonus pentru victorie: +60%▉, +60%€";"獲\t勝\t加\t成: +60%\t▉, +60%\t€";"获\t胜\t加\t成：\t+60%\t▉、\t+60%\t€";"Phần thưởng cho chiến thắng: +60%▉, +60%€";;
"pilots/newRank";"Pilot received a new rank";"Le pilote a atteint un nouveau rang";"Il pilota ha ricevuto un nuovo grado";"Pilot hat einen neuen Rang erhalten";"El piloto obtuvo un nuevo rango.";"Пилот получил новое звание";"Pilot otrzymał awans";"Pilot získal novou úroveň";"Pilot yeni bir rütbe aldı";"人\t物\t等\t级\t提\t升！";"パイロットの\tランクが\t上がりました";"Piloto adquiriu uma nova patente";"Пілот отримав нове звання";"Pilot je dobio novi rang";"A pilóta új rangot ért el";"파일럿의 랭크가 올랐습니다.";"Пілот атрымаў новае званне";"Pilotul a primit un rang nou";"人\t物\t等\t級\t提\t升！";"人\t物\t等\t级\t提\t升！";"Phi công đạt được cấp độ mới";;
"debriefing/budget";"Mission cost";"Coût de la mission";"Costo missione";"Missionskosten";"Coste de la misión";"Стоимость миссии";"Koszt misji";"Cena mise";"Görev bedeli";"任\t务\t费\t用";"ミッション\t費用";"Custo da missão";"Вартість місії";"Misija košta";"Csata költsége";"임무 비용";"Кошт місіі";"Cost misiune";"任\t務\t費\t用";"任\t务\t费\t用";"Chi phí nhiệm vụ";;
"debriefing/kills";"Kills and assists";"Tués et blessés";"Abbattimenti e assist";"Abschüsse und Abschusshilfen";"Derribos y asistencias";"Убийства и совместные убийства";"Liczba zabójstw i asyst";"Zničení a asistence";"Öldürmeler ve yardımlar";"击\t杀\t与\t助\t攻";"撃墜および\tアシスト";"Mortes e assistências";"Вбивства і спільні вбивства";"Ubistava i asistencija";"Ölések és asszisztálások";"격파 및 어시스트";"Знішчэнні і падмогі ў знішчэнні";"Uciși și asistări";"擊\t殺\t與\t助\t攻";"摧\t毁\t与\t助\t攻\t数";"Tiêu diệt và hỗ trợ";;
"debriefing/Respawns";"Repairs & weapons";"Réparations et armes";"Riparazioni e armi";"Reparatur & Waffen";"Armas y Reparaciones";"Ремонт и вооружение";"Naprawy i uzbrojenie";"Opravy a výzbroj";"Tamirler ve silahlar";"维\t修\t与\t武\t器";"修理 & 武器";"Reparações & armas";"Ремонт і озброєння";"Popravljanja i oružija";"Javítások és fegyverek";"수리 및 무장";"Рамонт і ўзбраенне";"Reparări și arme";"維\t修\t與\t武\t器";"维\t修\t与\t武\t器";"Sửa chữa & vũ khí";;
"debriefing/hosting_players";"Players";"Joueurs";"Giocatori";"Spieler";"Jugadores";"Игроки";"Gracze";"Hráči";"Oyuncular";"玩\t家";"プレイヤー";"Jogadores";"Гравці";"Igrača";"Játékosok";"플레이어";"Гульцы";"Jucători";"玩\t家";"玩\t家";"Người chơi";;
"debriefing/victory";"Victory";"Victoire";"Vittoria";"Sieg";"Victoria";"Победа";"Zwycięstwo";"Vítězství";"Zafer";"胜\t利";"勝利";"Vitória";"Перемога";"Pobeda";"Győzelem";"승리";"Перамога";"Victorie";"勝\t利";"胜\t利";"Chiến thắng";;
"debriefing/dc";"Campaign award";"Prix de la campagne";"Premio campagna";"Kampagnenbelohnung";"Premio de la campaña";"Награда за кампанию";"Nagroda za kampanię";"Ocenění za kampaň";"Harekat ödülü";"战\t役\t奖\t励";"キャンペーン・アワード";"Prêmio de campanha";"Нагорода за кампанію";"Nagrada kampanje";"Hadjárat jutalom";"캠페인 보상";"Узнагарода за кампанію";"Distincție campanie";"戰\t役\t獎\t勵";"战\t役\t奖\t励";"Phần thưởng chiến dịch";;
"debriefing/defeat";"Defeat";"Défaite";"Sconfitta";"Niederlage";"Derrota";"Поражение";"Porażka";"Porážka";"Yenilgi";"失\t败";"敗北";"Derrota";"Поразка";"Poraz";"Vereség";"패배";"Паражэнне";"Înfrângere";"失\t敗";"失\t败";"Thất bại";;
"debriefing/score";"Mission awards";"Prix de la mission";"Premi missione";"Missionsauszeichnungen";"Premios de la misión";"Награды за задание";"Nagrody za misję";"Odměny za misi";"Görev ödülleri";"任\t务\t奖\t励";"ミッション・アワード";"Prêmios da missão";"Нагороди за завдання";"Nagrada misije";"Csata jutalmak";"임무 수훈";"Узнагароды за місію";"Distincții misiune";"任\t務\t獎\t勵";"任\t务\t奖\t励";"Phần thưởng nhiệm vụ";;
"debriefing/length";"Session length";"Longueur de la session";"Durata sessione";"Sitzungsdauer";"Duración de la sesión";"Длительность игры";"Czas trwania sesji";"Doba střetnutí";"Oturum süresi";"游\t戏\t耗\t时";"セッションの\t持続時間";"Duração da sessão";"Тривалість гри";"Dužina sesije";"Csata hossza";"세션 길이";"Працягласць гульні";"Durată sesiune";"遊\t戲\t耗\t時";"游\t戏\t耗\t时";"Thời gian tự động";;
"debriefing/exp/total";"RP received";"XP reçue";"PE ricevuti";"FP erhalten";"Exp. recibida";"RP получено";"Zdobyte PB";"Získané RP";"Elde edilen Araştırma Puanı";"获\t得\t研\t发\t点";"獲得\tRP";"PP recebidos";"Очок досліджень отримано";"Dobijeno IP";"Szerzett FP";"획득한 연구점수";"Атрыманыя пункты даследаванняў";"PC primite";"獲\t得\t研\t發\t點";"获\t得\t研\t发\t点";"RP nhận được";;
"debriefing/pause";"Pause";"Pause";"Pausa";"Pause";"Pausa";"Пауза";"Pauza";"Pauza";"Duraklat";"暂\t停";"ポーズ";"Pausa";"Пауза";"Pauza";"Szünet";"일시정지";"Паўза";"Pauză";"暂\t停";"暂\t停";"Tạm dừng";;
"missions/debriefing";"You have successfully completed the mission.";"Vous avez accompli la mission avec succès";"Hai completato con successo la missione.";"Du hast die Mission erfolgreich abgeschlossen.";"Has completado la misión exitosamente.";"Вы успешно завершили миссию.";"Misja zakończona sukcesem.";"Misi jsi úspěšně splnil";"Görevi başarıyla tamamladın.";"已\t成\t功\t完\t成\t该\t任\t务";"ミッションを\t無事遂行しました";"Concluiu com êxito a missão.";"Ви успішно завершили місію.";"Uspešno ste izvršili misiju.";"Teljesítetted a küldetést.";"성공적으로 임무를 완수했습니다.";"Місія завяршылася паспяхова.";"Ai îndeplinit cu succes misiunea.";"已\t經\t成\t功\t完\t成\t任\t務";"已\t成\t功\t完\t成\t该\t任\t务";"Bạn đã hoàn thành nhiệm vụ.";;
"debriefing/multiplier";"Difficulty multiplier";"Multiplicateur de difficulté";"Moltiplicatore difficoltà";"Schwierigkeitsmultiplikator";"Multiplicador de dificultad";"Множитель сложности";"Mnożnik trudności";"Násobitel obtížnosti";"Zorluk çarpanı";"难\t度\t倍\t率";"難易度倍増";"Multiplicador de dificuldade";"Множник складності";"Množilac težine";"Nehézségi szorzó";"난이도 배수";"Множнік складанасці";"Multiplicator dificultate";"難\t度\t倍\t數";"难\t度\t因\t子";"Độ khó";;
"debriefing/receivedAwards";"Awards and unlocks received";"Médailles et Récompenses reçues";"Premi e sbloccabili ricevuti";"Auszeichnungen und Freischaltungen erhalten";"Premios recibidos y contenidos desbloqueados";"Полученные бонусы и награды";"Otrzymane nagrody i elementy odblokowane.";"Získané odměny a odemknuté položky";"Ödüller ve açılımlar kazandın";"嘉\t奖\t与\t解\t锁\t项";"獲得した\tアワードと\tアンロック";"Prêmios e conteúdos desbloqueados recebidos";"Отримані бонуси і нагороди";"Primljene nagrade i otključani sadržaj";"Megszerzett kitüntetések és feloldások";"보상과 잠금 해제";"Атрыманыя ўзнагароды і адкрытыя элементы";"Distincții și deblocări obținute";"獎\t勵\t和\t解\t鎖\t項";"嘉\t奖\t与\t解\t锁\t项";"Phần thưởng và mở khóa nhận được";;
"debriefing/AirKills";"Aircraft destroyed";"Avions abattus";"Aereo Abbattuto";"Zerstörte Flugzeuge";"Avión destruido";"Самолётов сбито";"Zniszczone samoloty";"Zničená letadla";"Uçak İmha Edildi";"空\t中\t目\t标\t击\t坠\t数";"敵機撃墜数";"Aeronave destruida";"Літаків збито";"Aviona uništeno";"Megsemmisített légi célpontok";"적기 격추";"Збіў самалётаў";"Avioane distruse";"空\t中\t目\t標\t擊\t墜\t數";"空\t中\t目\t标\t击\t坠\t数";"Máy bay đã bị tiêu diệt";;
"debriefing/NavalKills";"Vessels destroyed";"Navires détruits";"Navi affondate";"Zerstörte Schiffe";"Buques destruidos";"Потоплено кораблей";"Zniszczone okręty";"Zničené lodě";"Yok edilen gemiler";"水\t面\t单\t位\t摧\t毁\t数";"撃破した\t艦船";"Embarcações destruídas";"Потоплено кораблів";"Brodova uništeno";"Megsemmisített hajók";"함선 격침";"Патоплена караблёў";"Nave distruse";"水\t面\t單\t位\t摧\t毀\t數";"水\t面\t单\t位\t摧\t毁\t数";"Tàu bị phá hủy";;
"debriefing/NavalKillsF";"Friendly vessels destroyed";"Navires alliés détruits";"Navi alleate affondate";"Verbündete Schiffe wurden zerstört";"Barcos aliados destruidos";"Потоплено дружественных кораблей";"Zniszczone sojusznicze okręty";"Zničené vlastní lodě";"Yok edilen dost gemiler";"友\t军\t水\t面\t单\t位\t误\t伤\t数";"フレンドリーキル";"Embarcações amigas destruídas";"Потоплено дружніх кораблів";"Prijateljskih brodova uništeno";"Megsemmisített szövetséges hajók";"격침한 아군 함선";"Патоплена хаўрусных караблёў";"Nave aliate distruse";"友\t軍\t水\t面\t單\t位\t誤\t傷\t數";"友\t军\t水\t面\t单\t位\t误\t伤\t数";"Tàu đồng minh bị phá hủy";;
"debriefing/GroundKills";"Ground units destroyed";"Unités au sol détruites";"Unità di terra distrutte";"Zerstörte Bodeneinheiten";"Unidades terrestres destruidas";"Уничтожено наземных единиц";"Zniszczone jednostki naziemne";"Zničené pozemní jednotky";"İmha edilen yer birimleri";"地\t面\t单\t位\t摧\t毁\t数";"地上・\t海上部隊撃破数";"Unidades terrestres destruídas";"Знищення наземних одиниць";"Kopnenih snaga uništeno";"Megsemmisített földi célpontok";"지상/해상 목표 격파";"Знішчыў адзінак наземнай тэхнікі";"Unități terestre distruse";"地\t面\t單\t位\t摧\t毀\t數";"地\t面\t单\t位\t摧\t毁\t数";"Đơn vị mặt đất đã tiêu diệt";;
"debriefing/GroundKillsF";"Friendly ground units destroyed";"Unités au sol amies détruites";"Unità di terra alleate distrutte";"Zerstörte Bodeneinheiten (Verbündete)";"Unidades de superficie aliadas destruidas";"Уничтожение дружественных наземных единиц";"Zniszczone sojusznicze jednostki naziemne";"Zničené vlastní pozemní jednotky";"İmha edilen müttefik yer birimleri";"友\t军\t地\t面\t单\t位\t误\t伤\t数";"友軍地上・\t海上部隊撃破数";"Unidades terrestres amigas destruídas";"Знищення дружніх наземних одиниць";"Prijateljskih kopnenih snaga uništeno";"Megsemmisített szövetséges földi egységek";"오폭한 아군 지상/해상 목표";"Знішчыў адзінак наземнай тэхнікі хаўруснікаў";"Unități terestre aliate distruse";"友\t軍\t地\t面\t單\t位\t誤\t傷\t數";"友\t军\t地\t面\t单\t位\t误\t伤\t数";"Đơn vị mặt đất đồng minh đã tiêu diệt";;
"debriefing/Captures";"Zones captured";"Zones capturées";"Zone conquistate";"Gebiete erobert";"Bases capturadas";"Захват зон";"Przejęte strefy";"Obsazené oblasti";"Ele geçirilen üsler";"基\t地\t占\t领\t数";"ゾーン\t占領数";"Zonas capturadas";"Захоплення зон";"Zona zauzeto";"Elfoglalt zónák";"점령한 지역";"Захоп зон";"Zone capturate";"基\t地\t佔\t領\t數";"基\t地\t占\t领\t数";"Căn cứ đã chiếm";;
"debriefing/Landings";"Landings";"Atterrissages";"Atterraggi";"Landungen";"Aterrizajes";"Посадки";"Lądowania";"Přistání";"İnişler";"着\t陆\t次\t数";"着陸成功";"Aterragens";"Посадки";"Sletanja";"Leszállások";"착륙 성공";"Пасадкі";"Aterizări";"著\t陸\t次\t數";"着\t陆\t次\t数";"Hạ cánh";;
"debriefing/Takeoffs";"Takeoffs";"Décollages";"Decolli";"Starts";"Despegues";"Взлёты";"Starty";"Vzlety";"Kalkışlar";"出\t击\t次\t数";"離陸総数";"Decolagens";"Зльоти";"Poletanja";"Felszállások";"이륙 성공";"Узлёты";"Decolări";"出\t擊\t次\t數";"出\t击\t次\t数";"Cất cánh";;
"debriefing/Sights";"Enemies spotted";"Ennemi repéré";"Nemici individuati";"Gesichtete Feinde";"Enemigo divisado";"Обнаружение врагов";"Spostrzeżeni wrogowie";"Spatření nepřátelé";"Tespit edilmiş düşmanlar";"发\t现\t敌\t方\t单\t位";"敵発見数";"Inimigo avistado";"Виявлення ворогів";"Neprijatelja spaženo";"Felderített ellenfelek";"적 발견 횟수";"Выяўленне ворагаў";"Inamici reperați";"發\t現\t敵\t方\t單\t位";"发\t现\t敌\t方\t单\t位";"Phát hiện kẻ thù";;
"debriefing/NewPlane";"New vehicle RP";"Nouveau RP de véhicule";"Esperienza nuovo aereo";"Neue Fahrzeug-FP";"Exp. de avión nuevo";"Очки исследований на новой технике";"PB nowej maszyny";"Nové RP stroje";"Yeni araç Araştırma Puanı";"新\t载\t具\t研\t发\t点";"新機体\tRP";"PP de novo avião";"Очок досліджень на новому літаку";"RP novog aviona";"Új jármű FP";"새로운 장비 연구점수";"Пункты даследаванняў новай машыны";"PC vehicul nou";"新\t載\t具\t研\t發\t點";"新\t载\t具\t研\t发\t点";"RP phương tiện mới";"COMMON FOR PLANES AND TANKS";
"debriefing/Destruction";"Base destruction";"Destruction de base";"Distruzione Basi";"Basen zerstört";"Destrucción de bases";"Разрушение баз";"Zniszczenie baz";"Zničení základny";"Üsler yok ediliyor";"摧\t毁\t基\t地";"基地破壊数";"Base Destruída ";"Руйнування баз";"Uništenje baze";"Bázismegsemmisítés";"파괴한 기지";"Знішчэнне баз";"Baze distruse";"基\t地\t摧\t毀";"摧\t毁\t基\t地";"Phá hủy căn cứ";;
"debriefing/Damage";"Base bombing (TNT, tons)";"Bombardement de bases (tonnes de TNT)";"Bombardamento delle Basi (TNT, tonnellate)";"Schaden an Basen (TNT in Tonnen)";"Base dañada";"Бомбардировка баз (TNT, тонны)";"Bombardowanie baz (równoważnik trotylowy)";"Poškození základen (tuny TNT)";"Üs hasarı (TNT, ton)";"轰\t炸\t基\t地\t（TNT 当\t量，\t吨）";"基地損傷";"Base Danificada (TNT, tons)";"Бомбардування баз (тонни TNT)";"Bombardovanje Baza (tona TNT-a)";"Bázisbombázás (tonna TNT)";"기지 폭격 (TNT 톤수)";"Бамбардзіроўка баз (TNT, тоны)";"Baze bombardate (TNT, tone)";"轟\t炸\t基\t地\t（TNT 當\t量，\t噸）";"轰\t炸\t基\t地\t（TNT 当\t量，\t吨）";"Căn cứ bị hư hại";;
"debriefing/AirSevereDamage";"Severe damage";"Dégâts sévères";"Danno critico";"Severe damage";"Daños graves";"Фатальные повреждения";"Poważnie szkody";"Vážné poškození";"Ağır hasar";"重\t创\t目\t标";"シビアダメージ";"Dano crítico";"Фатальні пошкодження";"Severe damage";"Severe damage";"심각한 손상";"Фатальные повреждения";"Severe damage";"重\t創\t目\t標";"Severe damage";"Thiệt hại nghiêm trọng";;
"debriefing/Critical";"Critical hits";"Coups critiques";"Colpi critici";"Kritische Treffer";"Impactos críticos";"Критические повреждения";"Trafienia krytyczne";"Kritické zásahy";"Kritik hasarlar";"致\t命\t攻\t击";"クリティカルヒット";"Acertos críticos";"Критичні ушкодження";"Kritičnih pogodaka";"Kritikus találatok";"치명타";"Крытычныя траплянні";"Lovituri critice";"致\t命\t攻\t擊";"致\t命\t攻\t击";"Chí mạng";;
"debriefing/Hit";"Hits";"Coups";"Colpi";"Treffer";"Impactos";"Повреждения";"Trafienia";"Zásahy";"Hasarlar";"命\t中\t次\t数";"ヒット";"Acertos";"Ушкодження";"Pogodaka";"Találatok";"명중";"Траплянні";"Lovituri";"命\t中\t次\t數";"命\t中\t次\t数";"Trúng";;
"debriefing/Assist";"Assist";"Assistance";"Assist";"Abschusshilfe";"Asistencia";"Поддержка";"Asysty";"Asistence";"Asist";"助\t攻\t次\t数";"アシスト";"Assistência ";"Підтримка";"Asistencija";"Asszisztálás";"어시스트";"Падмога";"Asistări";"助\t攻\t次\t數";"助\t攻\t次\t数";"Hỗ trợ";;
"debriefing/Overkill";"Finish off";"Finir";"Colpo di grazia";"Erledigen";"Acabar";"Добивание";"Wykończ";"Doražení";"Bitir";"疯\t狂\t毁\t灭";"撃破";"Finalizou";"Добивання";"Dovrši";"Kivégzés";"마무리";"Дабіццё";"Finalizări";"瘋\t狂\t毀\t滅";"疯\t狂\t毁\t灭";"Kết thúc";;
"debriefing/Rounds";"Rounds won";"Tours gagnés";"Round vinti";"Gewonnene Runden";"Rondas ganadas";"Раундов выиграно";"Rundy wygrane";"Vyhraná kola";"Kazanılan rauntlar";"回\t合\t胜\t利";"勝利\tラウンド\t数";"Rodadas vencidas";"Раундів виграно";"Runda dobijeno";"Nyert körök";"승리한 라운드 수";"Раўндаў выйграна";"Runde câștigate";"回\t合\t勝\t利";"回\t合\t胜\t利";"Chiến thắng";;
"debriefing/Mission";"Mission Reward";"Récompense de mission";"Premio missione";"Belohnung aus der Mission";"Misión Completada";"Награда за миссию";"Nagroda za misję";"Odměna za misi";"Görev Ödülü";"任\t务\t收\t益";"任務報酬";"Recompensa da Missão";"Нагорода за місію";"Nagrada misije";"Csata jutalma";"임무 보상";"Узнагарода за місію";"Recompensă misiune";"任\t務\t收\t益";"任\t务\t收\t益";"Phần thưởng nhiệm vụ";;
"debriefing/MissionWinReward";"Reward for winning";"Récompense pour la victoire";"Ricompensa per la vittoria";"Siegesprämie";"Recompensa por ganar";"Награда за победу";"Nagroda za zwycięstwo";"Odměna za vítězství";"Kazanma ödülü";"获\t胜\t奖\t励";"勝利報酬";"Recompensa por ganhar";"Нагорода за перемогу";"Nagrada za pobedu";"Jutalom a győzelemért";"승리 보상";"Узнагарода за перамогу";"Recompensă pentru victorie";"獲\t勝\t獎\t勵";"获\t胜\t奖\t励";"Phần thưởng cho chiến thắng";;
"debriefing/MissionLoseReward";"Reward for participating in the mission";"Récompense pour avoir participé à la mission";"Premio per aver partecipato alla missione";"Teilnahmeprämie";"Recompensa por participar en la misión";"Награда за участие в миссии";"Nagroda za udział w misji";"Odměna za účast v misi";"Göreve katıldığınız için ödül";"参\t与\t任\t务\t奖\t励";"ミッション\t参加報酬";"Recompensa por participar na missão";"Нагорода за участь в місії";"Nagrada za učestvovanje u misiji";"Jutalom a részvételért";"임무 참가 보상";"Узнагарода за ўдзел у місіі";"Recompensă pentru participarea la misiune";"參\t加\t任\t務\t獎\t勵";"参\t与\t任\t务\t奖\t励";"Phần thưởng cho việc tham gia vào nhiệm vụ";;
"debriefing/MissionNegative";"Mission failure";"Échec de la mission";"Missione fallita";"Mission fehlgeschlagen";"Misión fallida";"Провал миссии";"Misja zakończona niepowodzeniem";"Mise selhala";"Görev Başarısız";"任\t务\t失\t败";"ミッション\t失敗";"Missão falhada";"Провал місії";"Neuspela misija";"Sikertelen küldetés";"임무 실패";"Місія скончылася няўдала";"Misiune eșuată";"任\t務\t失\t敗";"任\t务\t失\t败";"Nhiệm vụ thất bại";;
"debriefing/Difficulty";"Difficulty settings";"Paramètres de difficulté";"Impostazioni difficoltà";"Schwierigkeits-Einstellungen";"Configuración de dificultad";"Сложность";"Ustawienia poziomu trudności";"Nastavení obtížnosti";"Zorluk seviyeleri";"难\t度\t设\t置";"難易度設定";"Niveis de dificuldade";"Налаштування складності";"Opcije za težinu";"Nehézségi beállítások";"난이도 설정";"Параметры складанасці";"Setări dificultate";"難\t度\t設\t定";"难\t度\t设\t置";"Thiết lập độ khó";;
"debriefing/TeamKills";"Kills made by teammates";"Tués par coéquipiers";"Uccisioni del team";"Team-Abschüsse";"Matanzas de equipo";"Сбитые товарищами по команде";"Zabójstwa przez członków drużyny";"Zničeno spolubojovníky";"Takım arkadaşlarının öldürdükleri";"队\t友\t歼\t敌";"チーム\t撃墜総数";"Mortes feitas pelos colegas";"Збиті товаришами по команді";"Obaranja od strane saigrača";"Baráti tűz okozta veszteségek";"오인공격에 의한 사망";"Збітыя таварышамі па камандзе";"Inamici uciși de parteneri";"隊\t友\t擊\t殺";"队\t友\t歼\t敌";"Bị tiêu diệt bởi đồng đội";;
"debriefing/FriendlyKills";"Friendly kills";"Meurtres amicaux";"Uccisione amica";"Teamkills";"Fuego Amigo";"Стрельба по союзникам";"Ogień sojuszniczy.";"Zničení spojenci";"Öldürülen Dostlar";"误\t伤\t友\t军";"フレンドリーキル";"Mortes por fogo amigo";"Стрільба по союзниках";"Prijateljksih ubistava";"Megölt szövetségesek";"아군 격파";"Агонь па сваіх";"Aliați uciși";"誤\t傷\t友\t軍";"误\t伤\t友\t军";"Bắn đồng đội";;
"debriefing/Scouting";"Scouting";"Repérage";"Avvistamento";"Aufklärung";"Reconocimiento";"Разведка";"Rozpoznanie";"Odhalování nepřátel";"Gözcülük";"侦\t察\t次\t数";"偵察";"Reconhecimento";"Розвідка";"Scouting";"Felderítés";"정찰";"Выведка";"Reperare";"偵\t察\t次\t數";"侦\t察\t次\t数";"Trinh sát";;
"debriefing/Scout";"Targets scouted";"Cibles repérées";"Bersagli avvistati";"Aufgeklärte Ziele";"Objetivos localizados";"Разведано целей";"Wykryto cele";"Odhalené cíle";"Keşfedilmiş hedefler";"侦\t察\t目\t标";"ターゲット\t偵察済み";"Alvos Identificados";"Розвідано цілей";"Targets scouted";"Felderített célpontok";"정찰한 표적의 수";"Выведаў цэляў";"Ținte reperate";"偵\t察\t目\t標";"侦\t察\t目\t标";"Mục tiêu đã bị trinh sát";;
"debriefing/ScoutCriticalHit";"Scouted targets damaged";"Cibles repérées endommagées";"Bersagli avvistati danneggiati";"Beschädigung aufgeklärter Ziele";"Objetivos localizados dañados";"Разведанные цели получили урон";"Wykryte cele zostały uszkodzone";"Poškozené odhalené cíle";"Keşfedilmiş hedefler vuruldu";"受\t致\t命\t伤\t的\t已\t侦\t察\t目\t标";"偵察していた\t標的が\tダメージを\t負っている";"Alvos observados danificados";"Розвідані цілі зазнали втрат";"Scouted targets damaged";"Felderített célpontok megrongálva";"정찰한 목표가 피격된 횟수";"Выведаныя цэлі атрымалі пашкоджанні";"Ținte reperate avariate";"偵\t察\t目\t標\t受\t到\t傷\t害";"受\t致\t命\t伤\t的\t已\t侦\t察\t目\t标";"Mục tiêu trinh sát bị thiệt hại";;
"debriefing/ScoutKill";"Scouted targets destroyed (by intelligence)";"Cibles repérées détruites (à l'aide du repérage)";"Bersagli avvistati distrutti (dalla intelligence)";"Zerstörung aufgeklärter Ziele (durch Ausspähung)";"Objetivos localizados destruidos (por inteligencia)";"Разведанные цели уничтожены (по разведданным)";"Wykryte cele zostały zniszczone (dzięki rozpoznaniu)";"Zničené odhalené cíle (díky navedení)";"Keşfedilmiş hedefler yok edildi (istihbarat ile)";"被\t摧\t毁\t的\t已\t侦\t察\t目\t标\t（提\t供\t情\t报）";"偵察していた\t標的が、\t諜報部員によって\t破壊された";"Alvos observados destruídos (pela inteligência)";"Розвідані цілі знищені (по розвідданим)";"Scouted targets destroyed (by intelligence)";"Felderített célpontok megsemmisítve (hírszerzés által)";"정찰한 목표가 아군에 의해 격파된 수";"Знішчана выведаных цэляў (па выведвальных звестках)";"Ținte reperate distruse (datorită reperării)";"摧\t毀\t已\t經\t偵\t查\t的\t目\t標\t(透\t過\t情\t報)";"被\t摧\t毁\t的\t已\t侦\t察\t目\t标\t（提\t供\t情\t报）";"Mục tiêu trinh sát bị tiêu diệt (thông qua trinh sát)";;
"debriefing/ScoutKillUnknown";"Scouted targets destroyed";"Cibles repérées détruites";"Bersagli avvistati distrutti";"Zerstörung aufgeklärter Ziele";"Objetivos localizados destruidos";"Разведанные цели уничтожены";"Wykryte cel zostały zniszczone";"Zničené odhalené cíle";"Keşfedilmiş hedefler yok edildi";"被\t摧\t毁\t的\t已\t侦\t察\t目\t标";"偵察していた\t標的が\t破壊された";"Alvos observados destruídos";"Розвідані цілі знищені";"Scouted targets destroyed";"Felderített célpontok megsemmisítve";"정찰한 표적이 파괴되었습니다";"Знішчана выведаных цэляў";"Ținte reperate distruse";"摧\t毀\t已\t經\t偵\t查\t的\t目\t標";"被\t摧\t毁\t的\t已\t侦\t察\t目\t标";"Mục tiêu trinh sát bị tiêu diệt";;
"debriefing/exp_and_reward_will_be_later";"Rewards for a match will be awarded after the match is finished.";"L'expérience et les récompenses pour le match sont remises une fois la partie terminée.";"L'esperienza e i premi della partita vengono accreditati al termine della stessa.";"Die Belohnungen werden nach Abschluss der Mission vergeben.";"La experiencia y las recompensas de la partida se entregan una vez finalizada.";"Награда будет выдана по окончании матча.";"Punkty doświadczenia i nagrody za rozgrywkę przyznawane są po jej zakończeniu.";"Zkušenosti a odměny za zápas se udělují po jeho skončení.";"Maç için ödüller maç bittikten sonra verilecektir.";"收\t益\t将\t在\t战\t斗\t结\t束\t后\t自\t动\t结\t算。";"対戦による\t経験値および\tリワードは\tミッション\t終了後に\t授与されます。";"As recompensas do jogo são concedidas depois de acabar a batalha.";"Нагорода буде видана після закінчення матчу.";"Iskustvo (RP) i nagrade za meč dodeljuju se po završetku meča.";"A jutalmakat akkor kapod meg, ha a csata véget ért.";"보상은 해당 임무가 끝난 후 받게 됩니다.";"Узнагарода будзе выдадзена пасля заканчэння матча.";"Recompensele pentru partidă vor fi acordate după încheierea acesteia.";"收\t益\t將\t在\t戰\t鬥\t結\t束\t後\t自\t動\t結\t算。";"收\t益\t将\t在\t战\t斗\t结\t束\t后\t自\t动\t结\t算。";"Phần thưởng cho các trận đấu sẽ được trao sau khi kết thúc trận đấu.";;
"debriefing/wager_result_will_be_later";"Wager result will be reported after the match is finished.";"Le résultat du Wager sera connu après la fin de la partie.";"Il risultato della scommessa sarà conosciuto solo a partita finita.";"Ergebnis des Wetteinsatzes wird nach Ende der Schlacht verkündet.";"Resultado de la apuesta se conocerá después que la partida haya terminado.";"Результат пари станет известен по окончании матча.";"Wynik zakładu będzie znany po zakończeniu meczu.";"Výsledek sázky bude znám po skončení bitvy";"Bahis sonucu maç bittikten sonra öğrenilebilir.";"任\t务\t合\t同\t状\t况\t将\t在\t战\t斗\t结\t束\t后\t更\t新。";"賭け\t試合の\t終了後に\t結果が\t公開されます。";"O resultado da aposta será conhecido após o encontro terminar.";"Результат парі буде відомий після закінчення матчу.";"Rezultat opklade će biti poznat posle završetka meča.";"A fogadás eredményét a csata végén tudod meg.";"내기 결과는 임무가 끝나면 알 수 있습니다.";"Вынік закладу стане вядомы па завяршэнні бою.";"Rezultatul pariului va fi cunoscut după încheierea partidei.";"任\t務\t合\t同\t狀\t況\t將\t在\t戰\t鬥\t結\t束\t後\t更\t新。";"挑\t战\t契\t约\t的\t状\t态\t将\t在\t战\t斗\t结\t束\t后\t更\t新。";"Kết quả cá cược sẽ được báo cáo sau khi trận đấu kết thúc.";;
"debriefing/SpentForInsurance";"Insurance";"Assurance";"Assicurazione";"Versicherung";"Seguro";"Страховка";"Ubezpieczenie";"Pojistka";"Sigorta";"保\t险";"保険";"Seguro";"Страховка";"Osiguranje";"Biztosítás";"수리비";"Страхоўка";"Asigurare";"保\t險";"保\t险";"Bảo dưỡng";;
"debriefing/not_enough_money_for_insurance";"Not enough Silver Lions to pay for insurance. The aircraft will not be repaired.";"Pas assez de Silver Lion pour payer les réparations. L'avion ne sera pas réparé.";"Leoni insufficienti per pagare l'assicurazione. L'aereo non verrà riparato.";"Nicht genug Lions zum Bezahlen der Versicherung. Das Flugzeug wird nicht repariert.";"No tienes leones suficientes para pagar el seguro. La aeronave no se reparará.";"Недостаточно Серебряных львов для оплаты страховки. Самолёты не будут отремонтированы.";"Nie masz dość lwów, by opłacić usługę. Samolot nie zostanie naprawiony.";"Na zaplacení pojistky nemáš dostatek SL, letadlo nebude opraveno";"Sigorta için ödeyecek yeterli Gümüş Aslan yok. Uçak tamir edilmeyecek.";"银\t狮\t余\t额\t不\t足\t以\t支\t付\t保\t险\t金。\t飞\t机\t无\t法\t维\t修。";"保険の\t支払いに\t必要な\tライオンが\t不足しています。\t航空機は\t修理されません。";"Silver Lions insuficientes para pagar o seguro. A aeronave não será reparada.";"Недостатньо Срібних левів для оплати страховки. Літаки не будуть відремонтовані.";"Nemate dovoljno Lavova za plaćanje osiguranja. Avion neće biti popravljen.";"Nincs elég Ezüst Oroszlánod, hogy kifizesd a biztosítást. A repülőgép nem lesz megjavítva.";"수리비를 지불할 라이온이 부족하여 항공기를 수리할 수 없습니다.";"Недастаткова Срэбных ільвоў для аплаты страхоўкі. Самалёты не будуць адрамантаваны.";"Nu există suficienți Lei pentru a plăti asigurarea. Avionul nu va fi reparat.";"沒\t有\t足\t夠\t的\t銀\t獅\t幣\t支\t付\t保\t險，\t飛\t機\t將\t無\t法\t被\t維\t修";"银\t狮\t余\t额\t不\t足\t以\t支\t付\t保\t险\t金。\t飞\t机\t无\t法\t维\t修。";"Không đủ Silver Lions để trả phí bảo dưỡng. Máy bay sẽ không được sửa.";;
"debriefing/Activity";"Activity";"Activité";"Attività";"Aktivität";"Actividad";"Активность";"Doświadczenie za aktywność";"Aktivita";"Faaliyet";"活\t跃\t度";"アクティビティ";"Atividade";"Активність";"Aktivnost";"Aktivitás";"활동량";"Актыўнасць";"Activitate";"活\t躍\t度";"活\t跃\t度";"Mức độ hoạt động";;
"debriefing/activityTime";"Activity Time";"Temps d'activité";"Tempo di Attività";"Aktive Spielzeit";"Tiempo de Actividad";"Время активности";"Czas aktywności";"Čas aktivity";"Katılım Süresi";"活\t跃\t时\t长";"アクティブ\t時間";"Tempo de atividade";"Час активності";"Activity Time";"Aktív időtartam";"활동 시간";"Час актыўнасці";"Activity Time";"活\t躍\t時\t長";"活\t跃\t时\t长";"Thời gian hoạt động";;
"debriefing/BattleTime";"Battle Time";"Temps de la bataille";"Tempo di battaglia";"Schlachtdauer";"Duración de la batalla";"Время боя";"Czas bitwy";"Čas bitvy";"Muharebe Süresi";"交\t战\t时\t长";"戦闘時間";"Tempo de batalha";"Час бою";"Vreme borbe";"Csataidő";"전투 시간";"Час бою";"Durată activitate";"交\t戰\t時\t長";"交\t战\t时\t长";"Thời gian trận chiến";;
"debriefing/Unlocks";"Achievements";"Accomplissements";"Obiettivi conseguiti";"Erfolge";"Logros";"Достижения";"Osiągnięcia";"Úspěchy";"Başarılar";"任\t务\t成\t就";"実績";"Troféus";"Досягнення";"Dostignuća";"Eredmények";"업적";"Дасягненні";"Realizări";"成\t就";"任\t务\t成\t就";"Thành tích";;
"debriefing/MultiRespawns";"Respawns in battle";"Réapparitions en bataille";"Rigenerazioni in battaglia";"Einstiege in der Schlacht";"Reapariciones en batalla";"Возрождения в бою";"Odrodzenia w bitwie";"Nasazení do bitvy";"Yeniden Doğmalar";"重\t生\t次\t数";"戦闘に\tリスポーン";"Respawns em batalha";"Відродження в бою";"Povrataka u borbu";"Csatába lépések száma";"부활 비용";"Адраджэнні ў баі";"Reintrări în luptă";"重\t生\t次\t數";"重\t生\t次\t数";"Số lần hồi sinh trong trận đấu";;
"debriefing/award_already_received";"You have already received the reward for completing this mission at the current difficulty.";"Vous avez déjà reçu la récompense pour avoir rempli cette mission avec le niveau de difficulté actuel.";"Hai già ricevuto il premio per aver completato questa missione al livello di difficoltà selezionato.";"Du hast bereits die Belohnung für den Abschluss dieser Mission auf dem aktuellen Schwierigkeitsgrad erhalten.";"Ya has recibido la recompensa por completar esta misión en el nivel de dificultad actual.";"Награда за прохождение этой миссии на данном уровне сложности уже была получена.";"Posiadasz już nagrodę za wykonanie tej misji na obecnym poziomie trudności.";"Za splnění této mise na danou obtížnost jsi už odměnu dostal";"Şuanki zorluk için olan görevi tamamlama ödülünü zaten aldın.";"当\t前\t难\t度\t已\t通\t关，\t无\t法\t重\t复\t获\t得\t奖\t励。";"現在の\t難易度で\tミッションを\t完了した\t分の\t報酬を\t既に\t受け\t取っています。";"Você já recebeu a recompensa por completar esta missão na dificuldade atual.";"Нагорода за проходження цієї місії на цьому рівні складності вже була отримана.";"Već ste dobili nagradu za završetak misije na odabranoj težini.";"Ezen a nehézségi szinten már kaptál jutalmat a küldetés teljesítéséért.";"현재 난이도에서 이 임무를 완수하는 데 따른 보상을 이미 받았습니다.";"Вас ўжо ўзнагародзілі за выкананне місіі на гэтым узроўні складанасці.";"Deja ai primit recompensa pentru completarea acestei misiuni cu dificultatea actuală.";"當\t前\t難\t度\t已\t通\t關，\t無\t法\t重\t複\t獲\t得\t獎\t勵。";"当\t前\t难\t度\t已\t通\t关，\t无\t法\t重\t复\t获\t得\t奖\t励。";"Bạn đã nhận được phần thưởng khi hoàn thành nhiệm vụ tại mức độ khó này.";;
"debriefing/award_reduced";"The reward for this mission is reduced due to the daily mission limit.";"La récompense de cette mission est réduite en raison de la limite quotidienne de la mission.";"Il premio per questa missione è stato ridotto a causa del limite missioni giornaliero.";"Die Belohnung für diese Mission wird aufgrund der täglichen Missionsbeschränkung reduziert.";"La recompensa de esta misión se ha reducido debido al límite diario de misiones.";"Награда за миссию снижена, так как лимит миссий, за которые может выдаваться награда, на сегодня исчерпан.";"Nagroda za tę misję jest obniżona ze względu na dzienny limit misji.";"Odměna za tuto misi je snížena kvůli dennímu limitu misí";"Bu görevin ödülü günlük görev limiti yüzünden düşürüldü.";"已\t达\t每\t天\t的\t任\t务\t数\t上\t限，\t本\t任\t务\t的\t收\t益\t相\t应\t减\t少。";"この\tミッションの\t報酬は、\tデイリーミッション\t制限により\t減らされます。";"A recompensa para esta missão é reduzida devido ao limite diário de missões.";"Нагорода за місію понижена, оскільки ліміт місій, за які може видаватися нагорода, на сьогодні вичерпаний.";"Nagrada za ovu misiju je smanjena zbog dnevnog ograničenja broja misija.";"A küldetésért járó jutalom csökkentve lett, mert átlépted a napi küldetéskorlátot.";"일일 임무 한도에 도달하여 이 임무를 수행함으로써 받는 보상이 감소하였습니다.";"Узнагарода за гэту місію зніжана, бо ў вас скончыўся штодзённы ліміт місій, за якія даецца ўзнагарода.";"Recompensa pentru această misiune este redusă datorită numărului limitat de misiuni zilnice.";"已\t達\t每\t天\t的\t任\t務\t數\t上\t限，\t本\t任\t務\t的\t收\t益\t相\t應\t減\t少。";"已\t达\t每\t天\t的\t任\t务\t数\t上\t限，\t本\t任\t务\t的\t收\t益\t相\t应\t减\t少。";"Phần thưởng cho nhiệm vụ này giảm do giới hạn nhiệm vụ hàng ngày.";;
"debriefing/award_reduced_noPrem";"Your mission limit would be higher with a Premium account.";"Votre limite de mission serait plus élevée avec un compte Premium.";"Il limite missioni può essere innalzato acquistando un account Premium.";"Ihre tägliches Missionslimit ist bei einem Premium-Konto erweitert.";"Tu límite de misiones sería superior con una cuenta premium.";"Вы можете повысить лимит миссий при помощи Премиум-аккаунта.";"Twój limit misji stanie się większy, jeśli będziesz mieć konto premium.";"Tvůj limit misí by byl s prémiovým účtem vyšší";"Premium hesabın olsaydı görev limitin daha yüksek olurdu.";"高\t级\t账\t号\t的\t任\t务\t数\t上\t限\t更\t高。";"あなたの\tミッション\t制限は\tプレミアムアカウントで\t高くなります。";"O seu limite de missões seria maior com uma conta Premium.";"Ви можете підвищити ліміт місій за допомогою преміум акаунта.";"Limit broja misija bi bio veći sa Premijum nalogom.";"A küldetéskorlát nagyobb, ha van prémium előfizetésed.";"프리미엄 계정을 활성화하면 임무 보상을 더 많이 받을 수 있습니다.";"Ваш ліміт місій павялічыцца, калі вы купіце прэміумны акаўнт.";"Limita de misiuni zilnice va fi mai mare cu un cont plătit.";"高\t級\t帳\t號\t的\t任\t務\t數\t上\t限\t更\t高。";"VIP 的\t任\t务\t数\t上\t限\t更\t高。";"Giới hạn nhiệm vụ của bạn sẽ cao hơn với một tài khoản Premium.";;
"debriefing/mission_played_too_fast";"No reward; this mission was completed too quickly.";"Aucune récompense ; Cette mission a été effectuée trop rapidement.";"Nessun premio; questa missione è stata completata in un tempo troppo breve.";"Keine Belohnung, da diese Mission zu schnell abgeschlossen wurde.";"No hay recompensa; has completado esta misión demasiado rápido.";"Награда не начислена, так как миссия была завершена слишком быстро.";"Brak nagrody. Misja ukończona zbyt szybko.";"Žádná odměna, protože mise byla splněna příliš rychle";"Ödül yok; bu görev çok çabuk tamamlandı.";"任\t务\t完\t成\t过\t快，\t没\t有\t奖\t励。";"報酬なし。\tこの\tミッションの\t完了が\t早すぎました。";"Nenhuma recompensa; Esta missão foi concluída muito rapidamente.";"Нагорода не нарахована, оскільки місія була завершена занадто швидко.";"Nema nagrade; misija je završena prebrzo.";"Nincs jutalom; a küldetésnek túl hamar vége lett.";"임무를 너무 빨리 마쳤기 때문에 보상이 주어지지 않았습니다.";"Узнагароды за місію не будзе, бо вы завяршылі яе занадта хутка.";"Fără recompensă; această misiune a fost finalizată prea repede.";"因\t任\t務\t完\t成\t太\t快\t而\t沒\t有\t獎\t勵。";"任\t务\t完\t成\t过\t快，\t没\t有\t奖\t励。";"Không có phần thưởng; nhiệm vụ này đã được hoàn thành quá nhanh.";;
"debriefing/most_award_after_battle";"The remaining part of the award will be accrued at the end of the fight.";"La partie restante de la récompense va être accordée à la fin du combat.";"La parte rimanente del premio sarà riscossa alla fine della battaglia.";"Der Rest Ihrer Belohnung wird am Ende der Schlacht verrechnet.";"La parte restante del premio se otorgará cuando acabe la batalla.";"Оставшаяся часть награды будет начислена по завершении боя.";"Pozostała część nagrody zostanie doliczona na koniec bitwy.";"Zbývající část odměny bude připočítána po skončení boje";"Ödülün kalan kısmını muharebe sonunda alacaksın.";"完\t整\t收\t益\t将\t在\t战\t斗\t结\t束\t后\t自\t动\t结\t算。";"ミッション\t終了後に\t残りの\t報酬も\t追加されます。";"A parte restante da recompensa será obtida no final da batalha.";"Частина нагороди, що залишилася, буде нарахована після закінчення бою.";"Preostali deo nagrade će biti obračunat po završetku borbe.";"A jutalom fennmaradó része a csata befejezése után lesz jóváírva.";"보상은 전투가 끝난 후에 계산되어 지급됩니다.";"Астатняя частка ўзнагароды будзе налічаная па сканчэнні бою.";"Restul recompensei va fi obținut la sfârșitul luptei.";"完\t整\t收\t益\t將\t在\t戰\t鬥\t結\t束\t後\t自\t動\t結\t算。";"完\t整\t收\t益\t将\t在\t战\t斗\t结\t束\t后\t自\t动\t结\t算。";"Phần còn lại của phần thưởng sẽ được tích lũy ở cuối cuộc chiến.";;
"debriefing/Premium";"Premium Bonus";"Bonus Premium";"Bonus premium";"Premium-Bonus";"Bonificaciones premium";"Бонус от премиума";"Premia dla posiadaczy kont premium";"Prémiový bonus";"Premium Bonusu";"高\t级\t账\t号\t加\t成";"プレミアムボーナス";"Bônus Premium";"Бонус від преміуму";"Premijum bonus";"Prémium bónusz";"프리미엄 보너스";"Прэмія ад прэміумнага акаўнту";"Bonus special";"高\t級\t帳\t號\t加\t成";"VIP 加\t成";"Thưởng bổ sung Premium";;
"debriefing/Boosters";"Boosters Bonus";"Bonus de boosters";"Bonus Acceleratori";"Boni durch Booster";"Bonificación de impulsores";"Бонус от усилителей";"Bonusy z kart";"Bonus boosterů";"İticilerin Bonusu";"增\t益\t方\t案\t提\t供\t的\t加\t成";"ブースターボーナス";"Bônus de Boosters";"Бонус від прискорювачів";"Bonusi Bustera";"Fokozó bónusz";"부스터 보너스";"Прэмія ад паскаральнікаў";"Multiplicatoare bonus";"增\t益\t方\t案\t提\t供\t的\t加\t成";"加\t成\t卡\t提\t供\t的\t增\t益";"Thưởng tăng cường";;
"debriefing/withPremium";"With Premium";"Avec Premium";"Con Premium";"Mit Premium";"Con Premium";"С Премиумом";"Z kontem Premium";"S prémiovým účtem";"Premium ile";"高\t级\t账\t号\t加\t成";"プレミアムあり";"Com Premium";"З преміумом";"With Premium";"Prémium előfizetéssel";"프리미엄 계정 사용 시";"З прэміумам";"Cont cu plată";"高\t級\t賬\t號\t加\t成";"VIP 加\t成";"Với Premium";;
"debriefing/withoutPremium";"Without Premium";"Sans Premium";"Senza Premium";"Ohne Premium";"Sin Premium";"Без Премиума";"Bez konta Premium";"Bez prémiového účtu";"Premium olmadan";"无\t高\t级\t账\t号\t加\t成";"プレミアムなし";"Sem Premium";"Без преміума";"Without Premium";"Prémium előfizetés nélkül";"프리미엄 계정 없이";"Без прэміума";"Cont fără plată";"無\t高\t級\t賬\t號\t加\t成";"无 VIP 加\t成";"Không có Premium";;
"debriefing/PremiumNotEarned";"With a Premium account you would have received";"Avec un compte premium, vous auriez reçu";"Con un account premium avresti potuto ricevere";"Mit einem Premium-Konto hättest du folgendes bekommen";"Con una cuenta premium, habrías recibido";"С Премиумом вы бы получили";"Konto premium pozwoliłoby otrzymać";"S prémiovým účtem bys dostal";"Premium hesabın olsaydı şunu alırdın:";"高\t级\t账\t号\t可\t获\t得";"プレミアムアカウントの\t場合獲得できた\t額";"Com uma conta Premium poderia ter recebido";"З преміумом ви б отримали";"Sa Premijum nalogom, dobili biste";"Prémium előfizetéssel ennyit kaphattál volna";"프리미엄 계정 적용 시 받을 수 있었던 보상:";"З прэміумным акаўнтам было б";"Cu un cont plătit ai fi obținut";"高\t級\t帳\t號\t將\t可\t獲\t得";"VIP 可\t获\t得";"Với tài khoản Premium, bạn có thể đã nhận được";;
"debriefing/prevBattlesPremiumAward";"Premium award for today's fights";"Récompense Premium pour les combats d'aujourd'hui";"Premio per i combattimenti odierni";"Premium-Belohnungen für die heutigen Schlachten";"Recompensas Premium para las batallas de hoy";"Премиум-награда за бои за день";"Nagrody premium za dzisiejsze loty";"Prémiové ocenění za dnešní boje";"Bugün ki savaşlar içi premium ödülü";"今\t天\t的\t高\t级\t账\t号\t作\t战\t收\t益\t加\t成";"今日の\t戦いの\tプレミアムアワード";"Recompensa Premium para os combates de hoje";"Преміум нагорода за сьогоднішні бої";"Premijum nagrada za današnje borbe";"Prémium jutalmak a mai csatáidért";"오늘 해낸 전투에 대한 프리미엄 보상";"Прэміумная ўзнагарода за сённяшнія баі";"Recompensa specială pentru zborurile de azi";"今\t天\t的\t高\t級\t帳\t號\t作\t戰\t收\t益\t加\t成";"今\t天\t的 VIP 作\t战\t收\t益\t加\t成";"Phần thưởng Premium cho những trận chiến hôm nay";;
"debriefing/freeExp";"Convertible RP";"RP libre";"Esperienza Convertibile";"Konvertierbare FP";"Experiencia convertible";"Свободные очки исследований";"Wolne PB";"Volné RP";"Dönüştürülebilir Araştırma Puanı";"自\t由\t研\t发\t点";"フリー RP";"PP convertíveis";"Вільні очки досліджень";"Konvertibilan RP";"Átváltható FP";"자유 연구 점수";"Вольныя пункты даследаванняў";"PC convertibile";"自\t由\t研\t發\t點";"自\t由\t研\t发\t点";"Điểm RP chuyển đổi";;
"debriefing/new_aircrafts_available";"New vehicles available";"Nouveaux véhicules disponibles";"Nuove unità disponibili";"Neue Fahrzeuge verfügbar";"Nuevas aeronaves disponibles";"Доступна новая техника";"Dostępny nowy pojazd";"Nové stroje k dispozici";"Yeni araçlar mevcut";"有\t新\t载\t具\t可\t用";"新しい\t機体が\t購入可能です";"Novo(s) veículo(s) disponível/disponíveis";"Доступні нові одиниці техніки";"Novi avion je dostupan";"Új jármű érhető el";"새로운 장비를 사용할 수 있습니다.";"Вам даступная новая тэхніка";"Vehicule noi disponibile";"有\t新\t載\t具\t可\t以\t使\t用";"有\t新\t载\t具\t可\t用";"Phương tiện mới có thể dùng";"COMMON FOR PLANES AND TANKS";
"debriefing/placeInMyTeam";"My place in the team: ";"Ma place dans l'équipe : ";"La mia posizione in squadra: ";"Eigener Platz im Team: ";"Mi lugar en el equipo: ";"Моё место в команде: ";"Miejsce w drużynie: ";"Umístění v týmu: ";"Takımdaki sıram: ";"在\t本\t队\t中\t排\t名\t第 ";"チーム\t内での\t順位：";"Meu lugar na equipe: ";"Ваше місце в команді: ";"Moje mesto u timu: ";"Csapaton belüli helyezés: ";"팀 내 순위: ";"Маё месца ў камандзе: ";"Locul tău în echipă: ";"在\t本\t隊\t中\t排\t名\t第 ";"在\t本\t队\t中\t排\t名\t第 ";"Xếp hạng cá nhân: ";;
"debriefing/preliminaryResults";"Preliminary results";"Résultats préliminaires";"Risultati preliminari";"Zwischenergebnisse";"Resultados preliminares";"Предварительные результаты";"Wstępne wyniki";"Předběžné výsledky";"İlk sonuçlar";"初\t步\t战\t果";"一次結果";"Resultados preliminares";"Попередні результати";"Preliminary results";"Előzetes eredmények";"예비 결과";"Папярэднія вынікі";"Rezultate preliminare";"初\t步\t結\t果";"初\t步\t战\t果";"Kết quả dự kiến.";;
"debriefing/my_stats";"My results";"Mes résultats";"I miei risultati";"Eigene Ergebnisse";"Mis resultados";"Мои результаты";"Moje wyniki";"Mé výsledky";"Sonuçlarım";"战\t果\t汇\t总";"結果";"Meus resultados";"Мої результати";"Moji rezultati";"Eredményeim";"전투 결과";"Мае вынікі";"Rezultatele mele";"戰\t果\t匯\t總";"战\t果\t汇\t总";"Kết quả";;
"debriefing/awards_list";"My mission awards";"Mes récompenses de mission";"I miei premi di missione";"Eigene Auszeichnungen";"Mis recompensas por las misiones";"Мои награды за миссию";"Moje nagrody za misje";"Mé ocenění za misi";"Görev Ödüllerim";"任\t务\t嘉\t奖";"ミッションアワード";"As minhas recompensas pela missão";"Мої нагороди за місію";"Moje nagrade iz misija";"A csatában szerzett kitüntetések";"수훈 사항";"Мае ўзнагароды за місію";"Recompensele misiunilor mele";"任\t務\t嘉\t獎";"任\t务\t嘉\t奖";"Phần thưởng nhiệm vụ của tôi";;
"debriefing/collectedResources";"Resources collected:";"Ressources collectées:";"Risorse raccolte:";"Resources collected:";"Recursos recolectados:";"Получены ресурсы:";"Zebrane zasoby:";"Nasbírané suroviny:";"Toplanan kaynaklar:";"已\t搜\t集\t资\t源：";"収集済みの\t資源：";"Recursos coletados:";"Зібрані ресурси:";"Resources collected:";"Resources collected:";"모은 자원:";"Получены ресурсы:";"Resources collected:";"已\t蒐\t集\t資\t源：";"Resources collected:";"Tài nguyên đã thu thập:";;
"debriefing/noCollectedResources";"No resources collected";"Pas de ressources collectées";"Nessuna risorsa raccolta";"No resources collected";"No se han recolectado recursos";"Нет полученных ресурсов";"Nie zebrano zasobów";"Žádné nasbírané suroviny";"Kaynak toplanmadı";"尚\t未\t获\t得\t物\t资";"資源を\t収集していません";"Nenhum recurso coletado";"Ресурси не зібрано";"No resources collected";"No resources collected";"모은 자원이 없습니다";"Нет полученных ресурсов";"No resources collected";"尚\t未\t獲\t得\t物\t資";"No resources collected";"Chưa thu thập tài nguyên nào";;
"debriefing/noAwardsCaption";"You have destroyed an allied vehicle.
No streaks will be rewarded for this battle.
Achievement progress will also not advance.";"Vous avez détruit un véhicule allié.
Aucune action ne sera récompensée pour cette bataille.
Vous ne passez donc pas à l'étape suivante vers le succès.";"Hai distrutto una unità alleata.
Non vi saranno ricompense per questa battaglia.
Anche i progressi non avanzeranno.";"Du hast ein verbündetes Fahrzeug zerstört.
Für diese Schlacht werden weder die von dir erreichten Erfolgsserien,
noch deine Fortschritte zu Erfolgen gezählt.";"Has destruido un vehículo enemigo.
No obtendrás recompensas por esta batalla.
Progreso del logro no avanzará tambien.";"В бою вы уничтожили технику союзника.
Боевые награды за этот бой выданы не будут.
Действия, совершённые в этом бою, также не учтутся в прогрессе достижений.";"Zniszczyłeś jednostkę sprzymierzeńca. 
Kolejne podobne czyny mogą sprawić, że zostaniesz wyrzucony z bitwy. 
Postęp w osiągnięciach nie będzie brany pod uwagę.";"Zničil jsi stroj spojence.
Za tuto bitvu nedostaneš žádná ocenění ani úspěchy.
Nepostoupíš ani v Úspěších.";"Bir müttefik aracı yok ettin.
Bu savaş için ödül verilmeyecek.
Başarım ilerlemesi de kaydedilmeyecek.";"你\t击\t杀\t了\t友\t军：
所\t有\t连\t杀\t奖\t励\t均\t作\t废；
各\t相\t关\t成\t就\t进\t度\t亦\t不\t会\t有\t任\t何\t增\t长。";"友軍車両を\t破壊してしまいました。\tこの\tバトルでの\t報酬はありません。\tまた\t達成状況も\t変動しません。";"Você destruiu um veículo aliado.
Nenhuma conquista em série será recompensada nesta batalha.
O progresso das conquistas também não avançará.";"В бою ви знищили техніку союзника.
Бойові нагороди за цей бій не будуть видані.
Дії, вчинені в цьому бою, також не врахуються в прогресі досягнень.";"Uništili ste savezničko vozilo.
Nećete biti nagrađeni sa nizom u ovoj bitki.
Nećete ni imati napredak u dostignućima.";"Megsemmisítettél egy szövetséges járművet.
A sorozatokért nem kapsz jutalmat ebben a csatában.
Az eredmények állása nem lesz frissítve.";"당신은 아군 차량을 파괴했습니다.
이 전투에 대한 킬스트릭 보상은 없습니다.
도전과제 진행 수치에도 누적되지 않습니다.";"У баі вы знішчылі тэхніку хаўрусніка.
Баявыя ўзнагароды за гэты бой выдадзены не будуць.
Дзеянні, здзейсненыя ў гэтым баі, таксама не ўлічацца ў прагрэсе дасягненняў.";"Ai distrus un vehicul aliat.
Pentru această bătălie nu va fi recompensată nici o lovitură.
Nici progresul realizărilor nu va avansa.";"你\t摧\t毀\t了\t友\t軍\t的\t載\t具：
所\t有\t連\t殺\t獎\t勵\t均\t作\t廢；
各\t相\t關\t成\t就\t進\t度\t亦\t不\t會\t有\t任\t何\t進\t展。";"你\t误\t击\t了\t友\t军：
所\t有\t连\t杀\t奖\t励\t均\t作\t废；
各\t相\t关\t成\t就\t进\t度\t亦\t不\t会\t有\t任\t何\t增\t长。";"Bạn đã phá hủy một phương tiện đồng minh.
Không có phần thưởng streaks sẽ được trao trong trận đấu này.
Tiến trình thành tựu cũng không tiến bộ.";;
"debriefing/noAwardsCaption/noMinActivity";"Not enough Activity to receive a Reward.";"Activité insuffisante pour recevoir une récompense.";"Non hai abbastanza Attività per ricevere una Ricompensa.";"Keine Belohnung erhalten - Aktivität zu niedrig.";"No hay suficiente actividad para recibir una recompensa.";"Недостаточно активности для получения награды.";"Zbyt mała aktywność, by otrzymać nagrodę.";"Nedostatečná aktivita pro získání odměny";"Ödül almak için Etkinlik yeterli değil.";"活\t跃\t度\t不\t足，\t无\t法\t获\t取\t奖\t励。";"報酬を\t受け\t取るには\tアクティビティが\t十分ではありません。";"Atividade insuficiente para receber uma recompensa.";"Недостатньо активності для отримання нагороди.";"Not enough Activity to receive a Reward.";"Túl alacsony az aktivitásod a jutalom megszerzéséhez.";"활동량이 낮아서 보상을 받을 수 없습니다.";"Недастатковая актыўнасць для атрымання ўзнагароды.";"Activitate insuficientă pentru a primi o recompensă.";"沒\t有\t足\t夠\t的\t活\t耀\t度\t可\t以\t獲\t得\t獎\t勵";"活\t跃\t度\t不\t足，\t无\t法\t获\t取\t奖\t励。";"Không đủ Hoạt động để nhận Phần thưởng.";;
"debriefing/players_stats";"Player statistics";"Statistiques des joueurs";"Statistiche del giocatore";"Spieler-Statistiken";"Estadísticas de los jugadores";"Статистика игроков";"Statystyki graczy";"Statistiky hráčů";"Oyuncu istatistikleri";"排\t名\t统\t计";"プレイヤーの\t統計情報";"Estatísticas dos jogadores";"Статистика гравців";"Statistika igrača";"Statisztika";"플레이어 전적";"Статыстыка гульцоў";"Statistică jucători";"排\t名\t統\t計";"排\t名\t统\t计";"Thống kê";;
"debriefing/chat_history";"Chat history";"Historique de conversation";"Cronologia chat";"Chat-Verlauf";"Historial de chat";"История чата";"Historia czatu";"Historie konverzace";"Sohbet geçmişi";"聊\t天\t记\t录";"チャット\t履歴";"Histórico de chat";"Історія чату";"Čet istorija";"Társalgóelőzmények";"대화 기록";"Гісторыя перапіскі ў чаце";"Istoric discuții";"聊\t天\t記\t錄";"聊\t天\t记\t录";"Lịch sử trò chuyện";;
"debriefing/battle_log";"Battle log";"Journal de bataille";"Registro Battaglie";"Schlachtprotokoll";"Registro de batalla";"Журнал боя";"Raport bitewny";"Bojový deník";"Muharebe günlüğü";"战\t斗\t日\t志";"参戦記録";"Registros de Batalha";"Журнал бойових дій";"Dnevnik bitke";"Hadi napló";"전투 기록";"Хроніка бою";"Jurnal bătălie";"戰\t鬥\t記\t錄";"战\t斗\t日\t志";"Bản ghi trận đấu";;
"debriefing/BattleTrophy";"Battle trophies";"Trophées de bataille";"Trofei di battaglia";"Schlacht-Trophäen";"Trofeos de la batalla";"Боевые трофеи";"Trofea bitewne";"Bojová kořist";"Muharebe Ganimetleri";"作\t战\t奖\t赏";"バトルトロフィー";"Troféus de batalha";"Бойові трофеї";"Borbeni trofeji";"Hadizsákmányok";"전투 보상금";"Баявыя трафеі";"Trofee bătălie";"戰\t鬥\t作\t戰\t物\t資";"作\t战\t奖\t赏";"Chiến tích";;
"debriefing/BattleTrophy/desc";"Congratulations! You've received a battle trophy!";"Félicitations ! Vous avez reçu un trophée de bataille !";"Congratulazioni! Hai ricevuto un trofeo da battaglia!";"Herzlichen Glückwunsch! Du hast eine Trophäe erhalten!";"¡ Felicidades! ¡Has recibido un trofeo de batalla!";"Поздравляем! Вы получили боевой трофей!";"Gratulacje! Otrzymałeś trofea bitewne!";"Obdržel jsi bitevní kořist";"Tebrikler! Muharebe ganimeti kazandın!";"恭\t喜\t你\t获\t得\t了\t作\t战\t奖\t赏！";"おめでとうございます ！\tバトルトロフィーが\t授与されました ！";"Parabéns! Recebeu um troféu de batalha!";"Вітаємо! Ви отримали бойовий трофей!";"Čestitamo! Dobili ste borbeni trofej!";"Gratulálok! Hadizsákmányt szereztél!";"축하합니다! 전투 보상금을 획득하셨습니다!";"Віншуем! Вы атрымалі баявы трафей!";"Felicitări! Ai primit un trofeu de luptă!";"恭\t喜！\t你\t獲\t得\t了\t作\t戰\t物\t資！";"恭\t喜\t你\t获\t得\t了\t作\t战\t奖\t赏！";"Chúc mừng! Bạn đã nhận được một chiến tích!";;
"debriefing/BattleTrophy/tooltip";"You have a chance of receiving one of these battle trophies after each battle:
1000 €
5000 €
10000 €
50000 €
100000 €
1000000 €

Your chances of gaining trophies depend on your combat effectiveness, time spent in battle, and the number of players in the session.";"Vous avez une chance de recevoir un de ces trophées de bataille après chaque combat:
1000 sl
5000 sl
10000 sl
50000 sl
100000 sl
1000000 sl

Vos chances d'obtenir des trophées dépendent de votre efficacité, du temps passé dans les airs, et du nombre de joueur dans la partie.";"Hai la possibilità di ricevere uno di questi trofei dopo ciascuna battaglia:
1000 €
5000 €
10000 €
50000 €
100000 €
1000000 €

La probabilità di ricevere i trofei dipende dalle tue azioni di combattimento, il tempo speso in battaglia ed numero di giocatori nella partita.";"Mit dem Abschluss einer Schlacht hast du die Chance, eine der folgenden Trophäen zu erhalten:
1.000 €
5.000 €
10.000 €
50.000 €
100.000 €
1.000.000 €

Deine Chance auf eine Trophäe errechnet sich aus deiner Einsatzeffizienz, deiner Flugzeit und der Anzahl der Spieler in dieser Spielsitzung.";"Tienes la oportunidad de recibir uno de estos trofeos de batalla después de cada batalla: 
1000 €
5000 €  
10000 € 
50000 € 
100000 €
1000000 €

Tus posibilidades de ganar trofeos dependen de la efectividad en combate, el tiempo en el aire y el número de jugadores en la sesión.";"После каждого боя у вас есть возможность получить один из боевых трофеев:
1000 €
5000 €
10000 €
50000 €
100000 €
1000000 €

Вероятность получения боевых трофеев зависит от боевой эффективности, времени, проведённого в бою, а также количества игроков в сессии.";"Masz szansę otrzymania poniższych trofeów bitewnych po każdej bitwie:
1000 €
5000 €
10000 €
50000 €
100000 €
1000000 €

Twoje szanse na zdobycie trofea zależą od efektywności w walce, czasu spędzonego w bitwie oraz liczby graczy biorących udział w danej sesji.";"Po každé bitvě máš šanci dostat jednu z těchto bitevních kořistí:
       1 000 €
       5 000 €
     10 000 €
     50 000 €
   100 000 €
1 000 000 €

Šance na získání kořisti závisí na tvé bojové efektivitě, času stráveném v bitvě a také počtu hráčů ve střetnutí";"Her savaşta bu ganimetlerden birini kazanma şansına sahipsin:
1000 €
5000 €
10000 €
50000 €
100000 €
1000000 €

Ödül kazanma şansın muharebedeki verimliliğine, savaşta geçirdiğin zamana ve maçtaki oyuncu sayısına bağlıdır.";"每\t场\t战\t斗\t后\t都\t有\t机\t会\t获\t得\t下\t列\t奖\t赏\t之\t一：
1,000 €
5,000 €
10,000 €
50,000 €
100,000 €
1,000,000 €

奖\t赏\t发\t放\t的\t几\t率\t取\t决\t于\t你\t在\t本\t场\t中\t的\t战\t斗\t表\t现、\t飞\t行\t时\t间、\t以\t及\t总\t参\t与\t人\t数。";"各\tバトルの\t後、\t以下のうちどれかの\tバトルトロフィーを\t獲得できる\tチャンスがあります：\t
1000 €
5000 €
10000 €
50000 €
100000 €
1000000 €

バトルトロフィーを\t獲得する\tチャンスは\t戦闘効率、\t戦闘時間、\tセッションの\tプレーヤー\t数により\t左右されます。\t

";"Você tem uma chance de receber um destes troféus após cada batalha: 
1000 € 
5000 € 
10000 € 
50000 € € 
100000 € 
1000000 € 

As suas chances de ganhar troféus dependem da sua eficácia em combate, do tempo gasto em batalha e do número de jogadores na sessão.";"Після кожного бою у вас є можливість отримати один з бойових трофеїв:
1000 €
5000 €
10000 €
50000 €
100000 €
1000000 €

Вірогідність отримання бойових трофеїв залежить від бойової ефективності, часу, проведеного в бою, а також кількості гравців в сесії.";"Imate šansu za osvajanje jednog od ovih borbenih trofeja posle svake bitke :
1000 €
5000 €
10000 €
50000 €
100000 €
1000000 €

Šansa za dobijanje trofeja zavisi od borbene efikasnosti, vremena provedenog u vazduhu i broja igrača u partiji.";"Minden csata végén esélyed van az alábbi hadizsákmányok egyikét megszerezni:
1000 €
5000 €
10 000 €
50 000 €
100 000 €
1 000 000 €

A zsákmányszerzési esélyed függ attól, hogy milyen harci hatékonyságot értél el, mennyi időt töltöttél a harctéren, valamint, hogy hány játékos vett részt a csatában.";"전투가 끝날 때마다 아래와 같은 전투 보상금을 받을 수 있습니다.
1,000 €
5,000 €
10,000 €
50,000 €
100,000 €
1,000,000 €

전투 보상금을 받을 확률은 전투 효율, 비행 시간, 전투에 참가한 플레이어의 숫자에 따라 달라집니다.";"Пасля кожнага бою ў вас ёсць магчымасць атрымаць адзін з баявых трафеяў:
1000 €
5000 €
10000 €
50000 €
100000 €
1000000 €

Верагоднасць атрымання баявых трафеяў залежыць ад баявой эфектыўнасці, часу, праведзенага ў баі, а таксама колькасці гульцоў у сесіі.";"Ai șansa de a primi unul din aceste trofee de luptă după fiecare bătălie:
1000 €
5000 €
10000 €
50000 €
100000 €
1000000 €

Șansa de a primi unul din aceste trofee depinde de eficacitatea și timpul petrecut în luptă și de numărul de jucători din sesiune.";"每\t場\t戰\t鬥\t後\t都\t有\t機\t會\t獲\t得\t下\t列\t戰\t鬥\t作\t戰\t物\t資\t之\t一:
1000 €
5000 €
10000 €
50000 €
100000 €
1000000 €

作\t戰\t物\t資\t發\t送\t的\t機\t會\t取\t決\t於\t你\t在\t本\t場\t中\t的\t戰\t鬥\t表\t現、\t戰\t鬥\t花\t費\t時\t間、\t以\t及\t總\t參\t與\t人\t數";"每\t场\t战\t斗\t后\t都\t有\t机\t会\t获\t得\t下\t列\t奖\t赏\t之\t一：
1,000 €
5,000 €
10,000 €
50,000 €
100,000 €
1,000,000 €

奖\t赏\t发\t放\t的\t几\t率\t取\t决\t于\t你\t在\t本\t场\t中\t的\t战\t斗\t表\t现、\t飞\t行\t时\t间、\t以\t及\t总\t参\t与\t人\t数。";"Bạn có cơ hội nhận được một trong những chiến tích sau mỗi trận chiến: 
1000 € 
5000 € 
10000 € 
50000 € 
100000 € 
1000000 € 

Cơ hội bạn đạt được chiến tích phụ thuộc vào hiệu quả chiến đấu của bạn và số lượng người chơi trong trận.";;
"debriefing/MissionObjective";"Mission Objectives and Orders";"Objectifs de la mission";"Obbiettivi ed Ordini della Missione";"Missionsziele und Befehle";"Objetivos de la misión";"Задачи миссии и приказы";"Cele i Rozkazy w misji";"Úkoly a rozkazy";"Görev Hedefleri";"任\t务\t目\t标";"任務目標";"Objetivos e Ordens da Missão";"Завдання місії та накази";"Ciljevi i naredbe misije";"Feladatok és parancsok";"임무 목표 및 지령";"Задачы місіі і загады";"Obiective misiune și ordine";"任\t務\t目\t標";"任\t务\t目\t标";"Mục tiêu nhiệm vụ";;
"debriefing/research_list";"Researching progress";"Progrès de recherche";"Progresso ricerca";"Forschungsfortschritt";"Progreso de la investigación";"Прогресс исследований";"Postęp badania";"Pokrok ve výzkumu";"Devam eden araştırma";"改\t装\t件\t研\t发\t进\t度";"研究状況";"Progresso na pesquisa";"Прогрес досліджень";"Progres istraživanja";"Modifikációfejlesztés";"연구 진척도";"Ход даследавання";"Progres cercetare";"研\t發\t進\t度";"改\t装\t件\t研\t发\t进\t度";"Tiến độ nghiên cứu";;
"debriefing/researched_unit";"Researched unit";"Unité recherchée";"Unità ricercata";"Erforschte Einheit";"Unidad investigada";"Исследуемая техника";"Jednostka zbadana";"Zkoumaná jednotka";"Araştırılan birim";"载\t具\t研\t发\t进\t度";"研究完了";"Unidade de pesquisa";"Досліджувана техніка";"Istražena jedinica";"Járműfejlesztés";"연구 완료한 장비";"Машына, якая даследуецца";"Unitate cercetată";"載\t具\t研\t發\t進\t度";"载\t具\t研\t发\t进\t度";"Đơn vị nghiên cứu";;
"debriefing/Efficiency";"Research efficiency";"Efficacité de la recherche";"Efficenza di ricerca";"Forschungseffizienz";"Eficiencia de la investigación";"Эффективность исследования";"Efektywność badania";"Efektivita výzkumu";"Araştırma verimliliği";"研\t发\t效\t率";"研究効率";"Eficiência de pesquisa";"Ефективність дослідження";"Efikasnost istraživanja";"Fejlesztés hatékonysága";"연구 효율";"Эфектыўнасць даследавання";"Eficiență cercetare";"研\t發\t效\t率";"研\t发\t效\t率";"Hiệu quả nghiên cứu";;
"debriefing/expBonusByDiff";"Bonus research at difficulty %s";"Prime de recherche pour la difficulté %s";"Bonus ricerca sulla difficoltà %s";"Forschungsbonus auf Schwierigkeit %s";"Bonificación investigación en dificultad %s";"Бонус исследования на сложности %s";"Bonusowe na poziomie trudności %s";"Bonusový výzkum na obtížnost %s";"%s zorluk seviyesinde araştırma bonusu";"所\t选\t难\t度\t对\t研\t发\t效\t率\t的\t加\t成 %s";"難易度 %s での\tボーナス\t研究";"Bônus de pesquisa em %s";"Бонус дослідження на складності %s";"Bonus za istraživanje na težini %s";"Fejlesztési bónusz %s nehézségen";"난이도에 따른 연구 보너스 %s";"Бонус даследавання на ўзроўні складанасці %s";"Bonus cercetare pentru dificultatea %s";"所\t選\t難\t度\t對\t研\t發\t效\t率\t的\t加\t成 %s";"所\t选\t难\t度\t对\t研\t发\t效\t率\t的\t加\t成 %s";"Bonus nghiên cứu tại mức độ khó %s";;
"debriefing/BestLap";"Best Lap Time";"Meilleur tour";"Miglior tempo sul giro";"Beste Rundenzeit";"Mejor vuelta";"Лучшее время круга";"Najlepszy czas okrążenia";"Nejlepší čas kola";"En iyi tur zamanı";"单\t圈\t最\t好\t成\t绩";"最高\tラップタイム";"Melhor tempo";"Кращий час кола";"Najbrži krug";"Leggyorsabb kör";"최단 기록";"Найлепшы час круга";"Timp record tură";"單\t圈\t最\t好\t成\t績";"单\t圈\t最\t好\t成\t绩";"Vòng đua tốt nhất";;
"debriefing/all_units_researched";"Earned %s, but all vehicles have been researched.";"A gagné %s, mais tous les véhicules sont recherchés.";"Hai guadagnato %s, ma tutte le unità sono state già ricercate.";"%s erhalten. Alle Fahrzeuge wurden bereits erforscht.";"Ganados %s, pero todos los vehículos han sido investigados.";"Заработано %s, но вся техника исследована.";"Zdobyto %s, ale wszystkie pojazdy zostały zbadane.";"Získáno %s, ale všechny stroje jsou vyzkoumané";"%s kazanıldı, fakat bütün araçlar araştırıldı.";"获\t得 %s，\t但\t已\t无\t可\t研\t发\t载\t具。";"%s 獲得しましたが、\tこれ\t以上研究できる\t項目はありません。";"Ganhou %s, mas todos os veículos foram pesquisados.";"Зароблено %s, але вся техніка досліджена.";"Zaradio %s, ali su sva vozila istražena.";"%s megszerezve, de már minden jármű ki van fejlesztve.";"%s 만큼의 연구 점수를 얻었습니다. 그러나 이미 모든 장비가 연구 완료되었습니다.";"Здабыта %s, але ўся тэхніка даследавана.";"Ai câștigat %s, dar toate vehiculele au fost cercetate.";"獲\t得 %s，\t但\t已\t無\t可\t研\t發\t載\t具。";"获\t得 %s，\t但\t已\t无\t可\t研\t发\t载\t具。";"Đã kiếm được %s, nhưng tất cả các phương tiện đã được nghiên cứu.";;
"debriefing/but_all_mods_researched";"Earned %s,
but all modifications have been researched.";"Gagné %s, mais toutes les modifications sont recherchées.";"Guadagnati %s,
ma tutte le modifiche sono già ricercate.";"%s erhalten. Alle Modifikationen wurden bereits erforscht.";"Ganados %s,
pero todas las modificaciones ya han sido investigadas.";"Заработано %s,
но все модификации исследованы.";"Zdobyto %s, lecz wszystkie modyfikacje są zbadane.";"Získáno %s, ale všechny modifikace jsou vyzkoumané";"%s kazanıldı
ancak bütün modifikasyonlar zaten araştırıldı.";"获\t得\t了 %s
但\t已\t无\t可\t供\t研\t发\t的\t改\t装\t件";"%s 獲得しましたが、\t
これ\t以上研究できる\t項目はありません。";"Ganhou %s,
mas todas as modificações estão pesquisadas.";"Зароблено %s
але усі модифікації досліджені.";"Zarađeno %s,
ali sve modifikacije su istražene.";"%s megszerezve, de már minden modifikáció ki van fejlesztve.";"%s 만큼의 연구 점수를 얻었습니다.
그러나 이미 모든 부품이 연구 완료되었습니다.";"Здабыта %s,
аднак усе мадыфікацыі даследаваны.";"Ai câștigat %s, dar toate modificările au fost cercetate.";"獲\t得\t了 %s
但\t已\t無\t可\t供\t研\t發\t的\t改\t裝\t件";"获\t得\t了 %s
但\t已\t无\t可\t供\t研\t发\t的\t改\t装\t件";"Đã nhận %s, 
nhưng tất cả các phần khí tài đã được nghiên cứu.";;
"debriefing/but_not_available_mods";"Earned %s,
but you need to purchase modifications for research.";"Gagné %s, mais il faut acheter des modifications pour la recherche.";"Guadagnati %s,
ma è necessario acquistare le modifiche per la ricerca.";"%s erhalten,
aber es müssen vorher Modifikationen gekauft werden.";"Ganados %s,
pero usted tiene que comprar las modificaciones para la investigación.";"Заработано %s,
но для исследования нужно купить модификации.";"Zarobiono %s, należy jednak kupić modyfikacje do badań.";"Získáno %s, ale pro výzkum je třeba koupit modifikace";"%s kazanıldı,
ancak araştırmak için modifikasyonları satın almalısınız.";"获\t得\t了 %s
但\t需\t要\t买\t出\t改\t装\t件\t以\t便\t后\t续\t研\t发";"%s 獲得しましたが、\t
研究の\t前に\t改修を\t行う\t必要があります。";"Ganhou %s,
mas necessita de comprar modificações para pesquisar.";"Зароблено %s
але для дослідження треба купити модифікації.";"Zarađeno %s,
ali je potrebno kupiti modifikacije za istraživanje.";"%s megszerezve, de modifikációt kell venned a további fejlesztéshez.";"%s 만큼의 연구 점수를 얻었습니다.
그러나 연구를 위하여 부품을 구입해야 합니다.";"Здабыта %s,
аднак для даследавання трэба купіць мадыфікацыі.";"Ai câștigat %s, dar trebuie să cumperi modificări pentru cercetare.";"獲\t得\t了 %s
但\t需\t要\t購\t買\t改\t裝\t部\t件\t以\t便\t後\t續\t研\t發";"获\t得\t了 %s
但\t需\t要\t买\t出\t改\t装\t件\t以\t便\t后\t续\t研\t发";"Đã nhận %s, 
nhưng bạn cần mua các phần khí tài để nghiên cứu.";;
"debriefing/but_not_any_research_active";"Earned %s,
But there is no modification selected for research.";"Gagné %s,
Mais il n'y a aucune modification sélectionnée pour la recherche.";"Hai guadatnato %s,
Ma non ci sono modifiche selezionate per la ricerca.";"%s erhalten. Keine Modifikationen zur Forschung ausgewählt.";"Ganaste %s pero no hay modificaciones en desarrollo.";"Заработано %s,
Но ни одна модификация не выбрана для исследования.";"Zdobyto %s,
Ale wszystkie modyfikacje zostały już zbadane. ";"Získáno %s, ale není vybraná modifikace na výzkum";"%s kazanıldı,
Ancak araştırma için hiçbir modifikasyon seçilmedi.";"获\t得\t了 %s
但\t未\t选\t择\t任\t何\t改\t装\t件\t供\t研\t发";"%s を\t獲得、\t
ただし\t開発のために\t選択された\t改造がありません。";"Ganhou %s,
Mas não existe modificações selecionadas para pesquisa.";"Зароблено %s,
Але жодна модифікація не вибрана для дослідження.";"Zarađeno %s,
ali nema modifikacija izabranih za istraživanje.";"%s megszerezve, de nincs modifikáció kiválasztva fejlesztésre.";"%s를 얻었습니다.
그러나 연구를 위해 선택된 부품이 없습니다.";"Здабыта %s,
аднак ніводнай мадыфікацыі не было выбрана на даследаванне.";"Ai câștigat %s, dar nu sunt modificări selectate pentru cercetare.";"獲\t得\t了 %s,
但\t還\t沒\t有\t選\t擇\t研\t發\t的\t改\t裝\t部\t件";"获\t得\t了 %s
但\t未\t选\t择\t任\t何\t改\t装\t件\t供\t研\t发";"Đã kiếm được %s,
Nhưng không có phần nâng cấp nào được chọn để nghiên cứu.";;
"debriefing/EfficiencyReason";"Research efficiency depends on difficulty level and rank difference. Also, in researching the next vehicle in the range, the previous one receives bonus research points.";"L'efficacité de la recherche dépend du niveau de difficulté et de la différence de rang. En recherchant l'avion suivant dans la gamme, le précédent reçoit des points bonus de recherche.";"L'efficienza della ricerca dipende dalla difficoltà del livello e dalla differenza dei gradi. Inoltre, ricercando il prossimo aereo, quello precedente ottiene un bonus di punti ricerca.";"Die Forschungseffizienz hängt vom Schwierigkeitsgrad und dem Rangunterschied ab. Bei der Erforschung des nächsten Fahrzeugs einer Forschungslinie erhältst du mit dem Vorgängermodell einen Forschungspunktebonus.";"La eficiencia de la investigación depende del nivel de dificultad y la diferencia de rango. Además, al investigar el próximo vehículo de la rama, el vehículo previo recibe una bonificación de puntos de investigación.";"Эффективность исследования зависит от уровня сложности и разницы в рангах. Также, при исследовании следующей техники в линейке предыдущая получает бонус к очкам исследований.";"Wydajność badania zależy od stopnia trudności oraz od zróżnicowania ery. Ponadto, poprzez badanie następnego samolotu w drzewku rozwoju, poprzedni otrzymuje bonusowe punkty badawcze.";"Efektivita výzkumu závisí na úrovni obtížnosti a rozdílu úrovně. Tedy zkoumáním následujícího stroje v tomto rozmezí získává předchozí stroj bonusové výzkumné body (RP)";"Araştırma verimliliği zorluk seviyesine ve seviye farkına bağlıdır. Ayrıca, bir sonraki aracı araştırırken bir önceki araç ile bonus araştırma puanı kazanabilirsiniz.";"研\t发\t效\t率\t取\t决\t于\t载\t具\t等\t级\t与\t难\t度\t选\t择。\t此\t外，\t在\t研\t发\t后\t续\t载\t具\t时，\t当\t前\t载\t具\t的\t改\t装\t件\t可\t获\t得\t研\t发\t速\t度\t加\t成。";"研究効率は\t難易度\tレベルと\t階級の\t差によって\t異なります。\tまた\t同じ\t範囲内の\t次の\t機体を\t研究することで、\t前の\t機体には\tボーナス\tRP\t値が\t与えられます。";"A eficiência da pesquisa depende do nível de dificuldade e da diferença de classificação. Além disso, ao pesquisar o próximo veículo da gama, o anterior recebe pontos de pesquisa bônus.";"Ефективність дослідження залежить від рівня складності і різниці в рангах. Також, при дослідженні наступної техніки в лінійці на попередній, ви отримуєте бонус до очок досліджень.";"Efikasnost istraživanja zavisi od nivoa težine i razlike u rangu vozila. Takođe, istraživanjem narednog vozila prethodnim vozilom, dobijate istraživačke bonus poene za to vozilo.";"A fejlesztés hatékonysága függ a nehézségi szinttől és a járművek rangjának különbségétől.
Az adott ágon a következő jármű fejlesztésekor az előtte lévő modell használatakor fejlesztési pont bónuszt kapsz.";"연구 효율은 난이도와 랭크에 따라 달라집니다. 또한 장비를 연구할 때, 연구 계통도의 바로 이전 단계 장비를 사용하면 연구 점수 보너스를 받을 수 있습니다.";"Эфектыўнасць даследавання залежыць ад узроўня складанасці і розніцы ў рангах. Таксама, пры даследаванні наступнай тэхнікі ў лінейцы папярэдняя атрымлівае бонус да ачкоў даследаванняў.";"Eficiența cercetării depinde de nivelul de dificultate și de diferența de rang. De asemenea, prin cercetarea următorului vehicul din interval, cel anterior primește puncte de cercetare bonus.";"研\t發\t效\t率\t取\t決\t於\t載\t具\t等\t級\t與\t難\t度\t選\t擇。\t此\t外，\t在\t研\t發\t後\t續\t載\t具\t時，\t當\t前\t載\t具\t的\t改\t裝\t件\t可\t獲\t得\t研\t發\t速\t度\t加\t成。";"研\t发\t效\t率\t取\t决\t于\t载\t具\t等\t级\t与\t难\t度\t选\t择。\t此\t外，\t在\t研\t发\t后\t续\t载\t具\t时，\t当\t前\t载\t具\t的\t改\t装\t件\t可\t获\t得\t研\t发\t速\t度\t加\t成。";"Hiệu quả nghiên cứu tùy thuộc vào độ khó và cấp độ khác nhau. Ngoài ra, để nghiên cứu máy bay tiếp theo trong phạm vi, trước đó sẽ nhận được điểm thưởng nghiên cứu.";;
"debriefing/bonusToNextUnit";"(bonus to the next vehicle in the range: {unitName})";"(bonus pour le prochain véhicule: {unitName})";"(bonus per la prossima unità nella linea: {unitName})";"(Bonus auf das nächste Fahrzeug im Bereich: {unitName})";"(bonificación para el próximo vehículo del rango: {unitName})";"(бонус в следующую технику в линейке: {unitName})";"(bonus dla kolejnego pojazdu: {unitName})";"(bonus k dalšímu stroji v rozsahu: {unitName})";"(sonraki araç için bonus: {unitName})";"（对\t下\t一\t载\t具 {unitName} 的\t加\t成）";"（範囲内にいる\t次の\t兵器に\t報酬を\t付与：\t{unitName}）";"(bônus para o veículo seguinte: {unitName})";"(бонус в наступну техніку в лінійці: {unitName})";"(bonus to the next vehicle in the range: {unitName})";"(bónusz a következő járműhöz: {unitName} )";"(다음 범위에 있는 장비에 보너스: {unitName})";"(бонус у наступную тэхніку ў лінейцы: {unitName})";"(bonus pentru următorul vehicul din interval: {unitName})";"（對\t下\t一\t載\t具 {unitName} 的\t加\t成）";"( 对\t下\t一\t个\t载\t具 {unitName}\t的\t研\t发\t加\t成  )";"(thưởng cho phương tiện tiếp theo trong dải: {unitName})";;
"debriefing/ecSpawnScore";"Saved respawn points can be used in the next battle in the same game mode for the same country";"Les points de réapparition peuvent être utilisé dans la prochaine bataille du même mode de jeu, avec le même pays";"I punti di rigenerazione salvati possono essere usati nella prossima battaglia della stessa modalità per la stessa nazione";"Die Einstiegspunkt-Reserve kann in der nächsten Schlacht verwendet werden, sofern der gleiche Spielmodus und die gleiche Nation gespielt werden.";"Los puntos de reaparición guardados pueden ser usados en la próxima batalla en el mismo modo de juego para el mismo país";"Сохранённые очки возрождения могут быть использованы в следующем бою в том же режиме за ту же страну";"Zachowane punkty odrodzenia mogą być użyte w następnej bitwie w tym samym trybie rozgrywki tą samą nacją";"Ušetřené body nasazení mohou být využity v další bitvě se stejnou zemí ve stejném herním módu ";"Kalan yeniden doğma puanları bir sonraki savaşa aynı ülke için aynı oyun modunda girerseniz kullanılabilir";"使\t用\t该\t国\t载\t具\t再\t度\t加\t入\t相\t同\t模\t式\t的\t战\t斗，\t则\t能\t够\t使\t用\t累\t积\t的\t重\t生\t点\t数";"防衛した\tリスポーンポイントは、\t同じ\t国と\tゲームモードを\t選択した\t次の\t戦闘で\t使用することができます。";"Pontos de respawn guardados podem ser usados na batalha seguinte no mesmo modo de jogo pela mesma nação";"Збережені очки відродження можуть бути використані в наступному бою в тому ж режимі за ту ж саму країну";"Sačuvani poeni za ulazak u bitku mogu biti korišteni u sledećoj bitki u istom režimu sa istom nacijom";"A tartalékolt belépési pontokat a következő ugyanilyen játékmódú csatában használhatod fel, melyben ugyanezzel a nemzettel veszel részt.";"남은 부활 점수는 같은 국가로 수행하는 같은 게임 모드의 다음 전투에 사용할 수 있습니다.";"Запас ачкоў адраджэння можа быць скарыстаны ў наступным баі ў тым самым рэжыме гульні за тую самую дзяржаву";"Punctele de intrare salvate pot fi utilizate în următoarea bătălie în același mod de joc pentru aceeași țară.";"使\t用\t該\t國\t載\t具\t再\t度\t加\t入\t相\t同\t模\t式\t的\t戰\t鬥，\t則\t能\t夠\t使\t用\t累\t積\t的\t重\t生\t點\t數";"使\t用\t该\t国\t载\t具\t再\t度\t加\t入\t相\t同\t模\t式\t的\t战\t斗，\t则\t能\t够\t使\t用\t累\t积\t的\t重\t生\t点\t数";"Các điểm hồi sinh đã được lưu có thể được sử dụng trong trận chiến tiếp theo trong cùng chế độ chơi cho cùng một quốc gia.";;
"debriefing/wwSpawnScore";"Saved respawn points can be used in the next battle of the World War without reference to the operation and the country";"Les points de respawn sauvegardés peuvent être utilisés lors de la prochaine bataille de World War sans référence à l'opération et au pays";"I punti di rigenerazione salvati possono essere usati nella prossima battaglia della Guerra Mondiale indipendentemente dall'operazione e nazione";"Übrige Einstiegspunkte können in der nächsten Schlacht des Weltkriegs ohne Bezug auf die Operation und das Land verwendet werden";"Los puntos de reaparición guardados pueden ser usados en la próxima batalla de la Guerra Mundial sin referencia a la operación y el país";"Сохранённые очки возрождения могут быть использованы в следующей битве Мировой войны без привязки к операции и стране";"Zachowane punkty odrodzeń mogą zostać użyte w następnej bitwie bez odniesienia do operacji i kraju";"Ušetřené body nasazení mohou být využity v další bitvě Světové války bez ohledu na operaci a zemi";"Harcanmayan doğma puanları, ülke ve harekattan bağımsız olarak bir sonraki çarpışmada kullanılabilirler";"积\t累\t的\t重\t生\t点\t数\t可\t在\t下\t一\t场\t世\t界\t大\t战\t战\t斗\t中\t使\t用，\t且\t不\t受\t军\t事\t行\t动\t和\t国\t家\t的\t限\t制";"確保した\tリスポーンポイントは、\t作戦や\t国家に\t関係なく\t次の\t世界大戦で\t使用することができます";"Pontos de respawn guardados que podem ser usadas na próxima batalha do modo Guerra Mundial sem alusão à operação e nação";"Збережені очки відродження можуть бути використані в наступній битві Світової війни без прив'язки до операції та країні";"Saved respawn points can be used in the next battle of the World War without reference to the operation and the country";"A tartalékolt belépési pontokat a következő világháborús csatában használhatod fel választott nemzettől és hadművelettől függetlenül.";"사용하지 않은 부활 점수는 다음 세계 대전 전투에서 작전이나 국가에 상관없이 사용할 수 있습니다.";"Запас ачкоў адраджэння можа быць скарыстаны ў наступнай бітве Сусветнай вайны без прывязкі да аперацыі і дзяржавы";"Punctele de intrare salvate pot fi folosite în următoarea bătălie a Războiului Mondial, fără deosebire de operațiune și țară.";"積\t累\t的\t重\t生\t點\t數\t可\t在\t下\t一\t場\t世\t界\t大\t戰\t戰\t鬥\t中\t使\t用，\t且\t不\t受\t軍\t事\t行\t動\t和\t國\t家\t的\t限\t制";"累\t积\t的\t重\t生\t点\t可\t以\t在\t下\t一\t次\t的\t世\t界\t大\t战\t战\t斗\t中\t使\t用，\t并\t且\t不\t受\t军\t事\t行\t动\t和\t阵\t营\t的\t限\t制";"Các điểm hồi sinh đã được lưu có thể được sử dụng trong trận chiến tiếp theo của World War mà không cần tham khảo đến chiến dịch và quốc gia.";;
"debriefing/battleRating/units";"Player's vehicles (battle rating)";"Véhicules du joueur (battle rating)";"Unità del giocatore (livello di combattimento)";"Spielerfahrzeuge (Kampfeinstufung)";"Vehículos del jugador (rating de batalla)";"Техника игрока (боевой рейтинг)";"Maszyny gracza (klasyfikacja bitewna)";"(BR) Stroje hráče";"Oyuncunun araçları (savaş puanı)";"玩\t家\t载\t具\t（分\t房\t权\t重）";"プレイヤーの\t機体 (バトルレート)";"Veículos do jogador (classificação de batalha)";"Техніка гравця (бойовий рейтинг)";"Igračevo vozilo (borbeni rejting)";"Játékos járművei (harci minősítés)";"보유 장비 (배틀 레이팅)";"Тэхніка гульца (баявы рэйтынг)";"Vehicule jucător (nivel de luptă)";"玩\t家\t載\t具\t（分\t房\t權\t重）";"玩\t家\t载\t具\t（分\t房\t权\t重）";"Các phương tiện của người chơi (battle rating)";;
"debriefing/battleRating/total";"Total battle rating";"Battle rating total";"Livello di combattimento totale";"Gesamt-Kampfeinstufung";"Rating de batalla total";"Общий боевой рейтинг";"Łączna klasyfikacja bitewna";"Celkový BR";"Toplam muharebe puanı";"综\t合\t分\t房\t权\t重";"バトルレートの\t合計";"Classificação de batalha total";"Загальний бойовий рейтинг";"Ukupan borbeni rejting";"Összesített harci minősítés (BR)";"총 배틀 레이팅";"Агульны баявы рэйтынг";"Nivel de luptă total";"綜\t合\t分\t房\t權\t重";"综\t合\t分\t房\t权\t重";"Tổng battle rating";;
"debriefing/battleRating/squad";"Squad's battle rating";"Battle rating de l'escouade";"Livello di combattimento del plotone";"Staffel-Kampfeinstufung";"Rating de batalla del escuadrón";"Боевой рейтинг отряда";"Klasyfikacja bitewna oddziału";"Skupinový BR";"Manga muharebe puanı";"小\t队\t分\t房\t权\t重";"分隊の\tバトルレート";"Classificação de batalha da equipe";"Бойовий рейтинг загону";"Borbeni rejting odreda";"Osztag harci minősítése (BR)";"편대 배틀 레이팅";"Баявы рэйтынг звязу";"Nivel de luptă detașament";"小\t隊\t分\t房\t權\t重";"小\t队\t分\t房\t权\t重";"Battle rating của Tổ đội";;
"debriefing/boostersEffect";"Booster gives you";"Le booster vous donne";"L'acceleratore ti dà";"Aktive Booster bewirken";"Impulsor te da";"Усилитель принёс вам";"Bonusy dają ci";"Booster přidal";"İticinin size verdiği";"增\t益\t方\t案\t提\t供";"ブースターを\t与えます。";"O booster dá";"Підсилювач приніс вам";"Buster vam daje";"A fokozó által";"부스터 효과";"Паскаральнік даў вам";"Multiplicatorii îți oferă";"增\t益\t方\t案\t提\t供";"加\t成\t卡\t提\t供";"Bộ tăng cường cho bạn";;
"debriefing/squadScore";"Squad score";"Score de l'escouade";"Punteggio Plotone";"Staffel-Punktzahl";"Puntuación del escuadrón";"Счёт отряда";"Wynik oddziału";"Skupinové skóre";"Manga puanı";"小\t队\t分\t数";"分隊の\tスコア";"Pontuação da equipe";"Рахунок загону";"Rezultat odreda";"Osztagpontszám";"소대 점수";"Вынік звязу";"Scor detașament";"小\t隊\t分\t數";"小\t队\t分\t数";"Điểm tổ đội";;
"debriefing/battle_log/filter/local_player";"Mine";"Personnel";"Mia";"Mein";"Mio";"Мои";"Ja";"Moje";"Benimki";"我\t的";"自分";"Meu";"Мої";"Mine";"saját";"내 기록";"Мае";"Ale mele";"我\t的";"我\t的";"Của tôi";;
"debriefing/used_items";"Used items";"Objets utilisés";"Oggetti utilizzati";"Gegenstände verwendet";"Artículos usados";"Использованные предметы";"Użyte przedmioty";"Použité předměty";"Kullanılan eşyalar";"已\t使\t用\t道\t具";"使用済み\tアイテム";"Itens usados";"Використані предмети";"Iskorišteni predmeti";"Felhasznált tárgyak";"사용한 아이템";"Спатрэбленыя прадметы";"Articole folosite";"已\t使\t用\t道\t具";"已\t使\t用\t道\t具";"Vật phẩm đã sử dụng";;
"debriefing/awardHasAlreadyBeenReceived";"The award has already been received";"La récompense a déjà été reçue";"Ricompensa già ottenuta";"Die Belohnung wurde bereits gutgeschrieben";"El premio ya ha sido recibido";"Награда уже была получена";"Otrzymałeś już nagrodę";"Odměna už byla získána";"Ödül zaten alındı";"已\t获\t取\t过\t该\t奖\t励。";"報酬はすでに\t受け\t取っています。";"O prêmio já foi recebido";"Нагорода вже була отримана";"The award has already been received";"Már megszerezted a jutalmat";"보상을 이미 획득하였습니다.";"Вы ўжо атрымалі ўзнагароду";"Recompensa a fost deja primită";"獎\t勵\t已\t領\t取";"已\t获\t取\t过\t该\t奖\t励。";"Giải thưởng đã được nhận";;
"debriefing/nationResearchBonus";"New nation research bonus";"New nation research bonus";"Bonus ricerca nuova nazione";"New nation research bonus";"Bonificación de investigación de nuevas naciones";"Бонус исследования новой нации";"Bonus do badań nowej nacji";"Výzkumný bonus pro nový národ";"Yeni ülke araştırma bonusu";"新\t科\t技\t树\t研\t发\t加\t成";"新国家\tリサーチボーナス";"Bônus de pesquisa de nova nação";"Бонус дослідження нової нації";"New nation research bonus";"New nation research bonus";"New nation research bonus";"Бонус исследования новой нации";"New nation research bonus";"新\t科\t技\t樹\t研\t發\t加\t成";"New nation research bonus";"New nation research bonus";;
"debriefing/newNationBonus";"New nation bonus";"New nation bonus";"Bonus nuova nazione";"New nation bonus";"Bonificación de nueva nación";"Бонус новой нации";"Bonus nowej nacji";"Bonus pro nový národ";"Yeni ülke bonusu";"新\t科\t技\t树\t加\t成";"新国家\tボーナス";"Bônus de nova nação";"Бонус нової нації";"New nation bonus";"New nation bonus";"New nation bonus";"Бонус новой нации";"New nation bonus";"新\t科\t技\t樹\t加\t成";"New nation bonus";"New nation bonus";;
"debriefing/basicRp";"Basic RP";"Basic RP";"PR base";"Basic RP";"RP Básico";"Базовые ОИ";"Podstawowe PB";"Základní RP";"Temel AP";"基\t础\t研\t发\t点";"基本\tRP";"PP Básico";"Базові ОД";"Basic RP";"Basic RP";"Basic RP";"Базовые ОИ";"Basic RP";"基\t礎\t研\t發\t點";"Basic RP";"Basic RP";;
"debriefing/researchedMod";"Modification in research";"Modification in research";"Modifica in ricerca";"Modification in research";"Modificación en investigación";"Исследуемая модификация";"Modyfikacja w badaniu";"Zkoumaná modifikace";"Araştırılan modifikasyon";"研\t发\t中\t的\t改\t装\t件";"研究での\t改造";"Modificação na pesquisa";"Досліджувана модифікація";"Modification in research";"Modification in research";"Modification in research";"Исследуемая модификация";"Modification in research";"研\t發\t中\t的\t改\t裝\t件";"Modification in research";"Modification in research";;
"debriefing/modResearch";"Modification research";"Modification research";"Ricerca modifiche";"Modification research";"Investigación de modificaciones";"Исследование модификации";"Badanie modyfikacji";"Výzkum modifikací";"Modifikasyon araştırması";"研\t发\t改\t装\t件";"研究改造";"Pesquisa de modificação";"Дослідження модифікації";"Modification research";"Modification research";"Modification research";"Исследование модификации";"Modification research";"研\t發\t改\t裝\t件";"Modification research";"Modification research";;
"debriefing/overflow";"Overflow";"Overflow";"Eccedenza";"Overflow";"Sobrecarga";"Избыток";"Przelanie";"Přebytek";"Taşma";"溢\t出\t部\t分";"オーバーフロー";"Transbordar";"Надлишок";"Overflow";"Overflow";"Overflow";"Избыток";"Overflow";"溢\t出\t部\t分";"Overflow";"Overflow";;
"debriefing/linkInTree";"Link in the research tree";"Link in the research tree";"Collega nell'albero di ricerca";"Link in the research tree";"Enlace en el árbol de investigación";"Связь в исследовании";"Połączenie drzewka badań";"Odkaz do tech. stromu";"Araştırma ağacında bağlantı";"科\t技\t树\t连\t线";"技術\tツリーの\tリンク";"Conexão na árvore de pesquisa";"Зв'язок в дослідженні";"Link in the research tree";"Link in the research tree";"Link in the research tree";"Связь в исследовании";"Link in the research tree";"科\t技\t樹\t連\t線";"Link in the research tree";"Link in the research tree";;
"debriefing/ranksDifference";"Rank difference";"Rank difference";"Differenza di Era";"Rank difference";"Diferencia de rango";"Разница в рангах";"Różnica er";"Rozdíl úrovní";"Seviye farkı";"等\t级\t差\t异";"ランク\t差";"Diferença de nível";"Різниця в рангах";"Rank difference";"Rank difference";"Rank difference";"Разница в рангах";"Rank difference";"階\t級\t差\t異";"Rank difference";"Rank difference";;
